#
# A fatal error has been detected by the Java Runtime Environment:
#
#  SIGBUS (0xa) at pc=0x000000010519faa8, pid=17191, tid=39171
#
# JRE version: OpenJDK Runtime Environment Temurin-24.0.2+12 (24.0.2+12) (build 24.0.2+12)
# Java VM: OpenJDK 64-Bit Server VM Temurin-24.0.2+12 (24.0.2+12, mixed mode, sharing, tiered, compressed oops, compressed class ptrs, g1 gc, bsd-aarch64)
# Problematic frame:
# C  [libzip.dylib+0x13aa8]  newEntry+0x68
#
# No core dump will be written. Core dumps have been disabled. To enable core dumping, try "ulimit -c unlimited" before starting Java again
#
# If you would like to submit a bug report, please visit:
#   https://github.com/adoptium/adoptium-support/issues
# The crash happened outside the Java Virtual Machine in native code.
# See problematic frame for where to report the bug.
#

---------------  S U M M A R Y ------------

Command Line: -Ddebugger.agent.enable.coroutines=true -Ddebugger.agent.enable.log.capture=true -Ddebugger.async.stack.trace.for.all.threads=true -Dkotlinx.coroutines.debug.enable.creation.stack.trace=false -Dkotlinx.coroutines.debug.enable.flows.stack.trace=true -Dkotlinx.coroutines.debug.enable.mutable.state.flows.stack.trace=true -Dorg.gradle.internal.worker.tmpdir=/Users/neijr/Documents/automatizaciones/serenity bdd/Bombonite/build/tmp/test/work -agentlib:jdwp=transport=dt_socket,server=n,suspend=y,address=127.0.0.1:51230 -javaagent:/Users/neijr/Library/Caches/JetBrains/IntelliJIdea2026.2/captureAgent/debugger-agent.jar=file:///var/folders/st/djsxb_hj2lv3y9843xcmwlzr0000gn/T/capture7832906247468407133.props -Xmx512m -Dfile.encoding=UTF-8 -Duser.country=CO -Duser.language=es -Duser.variant -ea worker.org.gradle.process.internal.worker.GradleWorkerMain 'Gradle Test Executor 104'

Host: "Mac17,3" arm64, 10 cores, 16G, Darwin 25.6.0, macOS 26.6.2 (25G83)
Time: Fri Sep 25 04:46:41 2026 -05 elapsed time: 40.943959 seconds (0d 0h 0m 40s)

---------------  T H R E A D  ---------------

Current thread (0x0000000b6a1be800):  JavaThread "ForkJoinPool-2-worker-2" daemon [_thread_in_native, id=39171, stack(0x000000016f984000,0x000000016fb87000) (2060K)]

Stack: [0x000000016f984000,0x000000016fb87000],  sp=0x000000016fb835f0,  free space=2045k
Native frames: (J=compiled Java code, j=interpreted, Vv=VM code, C=native code)
C  [libzip.dylib+0x13aa8]  newEntry+0x68
C  [libzip.dylib+0x13938]  ZIP_GetEntry2+0x138
C  [libzip.dylib+0x1438c]  ZIP_FindEntry+0x3c
V  [libjvm.dylib+0x265180]  ClassPathZipEntry::open_entry(JavaThread*, char const*, int*, bool)+0x6c
V  [libjvm.dylib+0x2652fc]  ClassPathZipEntry::open_stream(JavaThread*, char const*)+0x20
V  [libjvm.dylib+0x267e14]  ClassLoader::load_class(Symbol*, PackageEntry*, bool, JavaThread*)+0x13c
V  [libjvm.dylib+0xa78c60]  SystemDictionary::load_instance_class_impl(Symbol*, Handle, JavaThread*)+0x384
V  [libjvm.dylib+0xa77218]  SystemDictionary::load_instance_class(Symbol*, Handle, JavaThread*)+0x20
V  [libjvm.dylib+0xa76ba8]  SystemDictionary::resolve_instance_class_or_null(Symbol*, Handle, JavaThread*)+0x3e4
V  [libjvm.dylib+0xa76204]  SystemDictionary::resolve_or_fail(Symbol*, Handle, bool, JavaThread*)+0x24
V  [libjvm.dylib+0x2ceb20]  ConstantPool::klass_at_impl(constantPoolHandle const&, int, JavaThread*)+0x19c
V  [libjvm.dylib+0x4c23a0]  InterpreterRuntime::_new(JavaThread*, ConstantPool*, int)+0xcc
j  com.intellij.rt.debugger.agent.CaptureStorage.getAsyncStackTrace(Ljava/lang/Throwable;)[Ljava/lang/StackTraceElement;+11
j  java.lang.Throwable.printStackTrace(Ljava/lang/Throwable$PrintStreamOrWriter;)V+32 java.base@24.0.2
j  java.lang.Throwable.printStackTrace(Ljava/io/PrintWriter;)V+9 java.base@24.0.2
j  io.cucumber.messages.Convertor.extractStackTrace(Ljava/lang/Throwable;)Ljava/lang/String;+19
j  io.cucumber.messages.Convertor.toMessage(Ljava/lang/Throwable;)Lio/cucumber/messages/types/Exception;+23
j  io.cucumber.core.runner.TestStep.emitTestStepFinished(Lio/cucumber/plugin/event/TestCase;Lio/cucumber/core/eventbus/EventBus;Ljava/util/UUID;Ljava/time/Instant;Ljava/time/Duration;Lio/cucumber/plugin/event/Result;)V+69
j  io.cucumber.core.runner.TestStep.run(Lio/cucumber/plugin/event/TestCase;Lio/cucumber/core/eventbus/EventBus;Lio/cucumber/core/runner/TestCaseState;Lio/cucumber/core/runner/ExecutionMode;)Lio/cucumber/core/runner/ExecutionMode;+102
j  io.cucumber.core.runner.PickleStepTestStep.run(Lio/cucumber/plugin/event/TestCase;Lio/cucumber/core/eventbus/EventBus;Lio/cucumber/core/runner/TestCaseState;Lio/cucumber/core/runner/ExecutionMode;)Lio/cucumber/core/runner/ExecutionMode;+68
j  io.cucumber.core.runner.TestCase.run(Lio/cucumber/core/eventbus/EventBus;)V+140
j  io.cucumber.core.runner.Runner.runPickle(Lio/cucumber/core/gherkin/Pickle;)V+48
j  io.cucumber.junit.platform.engine.CucumberEngineExecutionContext.lambda$runTestCase$4(Lio/cucumber/core/gherkin/Pickle;Lio/cucumber/core/runner/Runner;)V+24
j  io.cucumber.junit.platform.engine.CucumberEngineExecutionContext$$Lambda+0x000000ff012d3d30.accept(Ljava/lang/Object;)V+8
j  io.cucumber.core.runtime.CucumberExecutionContext.lambda$runTestCase$5(Ljava/util/function/Consumer;Lio/cucumber/core/runner/Runner;)V+2
j  io.cucumber.core.runtime.CucumberExecutionContext$$Lambda+0x000000ff012dc000.run()V+8
j  io.cucumber.core.runtime.RethrowingThrowableCollector.executeAndThrow(Ljava/lang/Runnable;)V+1
j  io.cucumber.core.runtime.CucumberExecutionContext.runTestCase(Ljava/util/function/Consumer;)V+16
j  io.cucumber.junit.platform.engine.CucumberEngineExecutionContext.runTestCase(Lio/cucumber/core/gherkin/Pickle;)V+10
j  io.cucumber.junit.platform.engine.CucumberTestDescriptor$PickleDescriptor.execute(Lio/cucumber/junit/platform/engine/CucumberEngineExecutionContext;Lorg/junit/platform/engine/support/hierarchical/Node$DynamicTestExecutor;)Lio/cucumber/junit/platform/engine/CucumberEngineExecutionContext;+5
j  io.cucumber.junit.platform.engine.CucumberTestDescriptor$PickleDescriptor.execute(Lorg/junit/platform/engine/support/hierarchical/EngineExecutionContext;Lorg/junit/platform/engine/support/hierarchical/Node$DynamicTestExecutor;)Lorg/junit/platform/engine/support/hierarchical/EngineExecutionContext;+6
j  org.junit.platform.engine.support.hierarchical.NodeTestTask.lambda$executeRecursively$2(Lorg/junit/platform/engine/support/hierarchical/ThrowableCollector;)V+78
j  org.junit.platform.engine.support.hierarchical.NodeTestTask$$Lambda+0x000000ff011c2658.execute()V+8
j  org.junit.platform.engine.support.hierarchical.ThrowableCollector.execute(Lorg/junit/platform/engine/support/hierarchical/ThrowableCollector$Executable;)V+1
j  org.junit.platform.engine.support.hierarchical.NodeTestTask.lambda$executeRecursively$1(Lorg/junit/platform/engine/support/hierarchical/ThrowableCollector;Lorg/junit/platform/engine/support/hierarchical/EngineExecutionContext;)V+13
j  org.junit.platform.engine.support.hierarchical.NodeTestTask$$Lambda+0x000000ff011c2420.invoke(Lorg/junit/platform/engine/support/hierarchical/EngineExecutionContext;)V+9
j  org.junit.platform.engine.support.hierarchical.Node.around(Lorg/junit/platform/engine/support/hierarchical/EngineExecutionContext;Lorg/junit/platform/engine/support/hierarchical/Node$Invocation;)V+2
j  org.junit.platform.engine.support.hierarchical.NodeTestTask.lambda$executeRecursively$0(Lorg/junit/platform/engine/support/hierarchical/ThrowableCollector;)V+15
j  org.junit.platform.engine.support.hierarchical.NodeTestTask$$Lambda+0x000000ff011c21e8.execute()V+8
j  org.junit.platform.engine.support.hierarchical.ThrowableCollector.execute(Lorg/junit/platform/engine/support/hierarchical/ThrowableCollector$Executable;)V+1
j  org.junit.platform.engine.support.hierarchical.NodeTestTask.executeRecursively()V+34
j  org.junit.platform.engine.support.hierarchical.NodeTestTask.execute()V+79
j  org.junit.platform.engine.support.hierarchical.ForkJoinPoolHierarchicalTestExecutorService$ExclusiveTask.exec()Z+73
j  org.junit.platform.engine.support.hierarchical.ForkJoinPoolHierarchicalTestExecutorService$ExclusiveTask.execSync()V+1
j  org.junit.platform.engine.support.hierarchical.ForkJoinPoolHierarchicalTestExecutorService.invokeAll(Ljava/util/List;)V+28
j  org.junit.platform.engine.support.hierarchical.NodeTestTask.lambda$executeRecursively$2(Lorg/junit/platform/engine/support/hierarchical/ThrowableCollector;)V+115
j  org.junit.platform.engine.support.hierarchical.NodeTestTask$$Lambda+0x000000ff011c2658.execute()V+8
j  org.junit.platform.engine.support.hierarchical.ThrowableCollector.execute(Lorg/junit/platform/engine/support/hierarchical/ThrowableCollector$Executable;)V+1
j  org.junit.platform.engine.support.hierarchical.NodeTestTask.lambda$executeRecursively$1(Lorg/junit/platform/engine/support/hierarchical/ThrowableCollector;Lorg/junit/platform/engine/support/hierarchical/EngineExecutionContext;)V+13
j  org.junit.platform.engine.support.hierarchical.NodeTestTask$$Lambda+0x000000ff011c2420.invoke(Lorg/junit/platform/engine/support/hierarchical/EngineExecutionContext;)V+9
j  org.junit.platform.engine.support.hierarchical.Node.around(Lorg/junit/platform/engine/support/hierarchical/EngineExecutionContext;Lorg/junit/platform/engine/support/hierarchical/Node$Invocation;)V+2
j  org.junit.platform.engine.support.hierarchical.NodeTestTask.lambda$executeRecursively$0(Lorg/junit/platform/engine/support/hierarchical/ThrowableCollector;)V+15
j  org.junit.platform.engine.support.hierarchical.NodeTestTask$$Lambda+0x000000ff011c21e8.execute()V+8
j  org.junit.platform.engine.support.hierarchical.ThrowableCollector.execute(Lorg/junit/platform/engine/support/hierarchical/ThrowableCollector$Executable;)V+1
j  org.junit.platform.engine.support.hierarchical.NodeTestTask.executeRecursively()V+34
j  org.junit.platform.engine.support.hierarchical.NodeTestTask.execute()V+79
j  org.junit.platform.engine.support.hierarchical.ForkJoinPoolHierarchicalTestExecutorService$ExclusiveTask.exec()Z+73
j  org.junit.platform.engine.support.hierarchical.ForkJoinPoolHierarchicalTestExecutorService$ExclusiveTask.execSync()V+1
j  org.junit.platform.engine.support.hierarchical.ForkJoinPoolHierarchicalTestExecutorService.invokeAll(Ljava/util/List;)V+28
j  org.junit.platform.engine.support.hierarchical.NodeTestTask.lambda$executeRecursively$2(Lorg/junit/platform/engine/support/hierarchical/ThrowableCollector;)V+115
j  org.junit.platform.engine.support.hierarchical.NodeTestTask$$Lambda+0x000000ff011c2658.execute()V+8
j  org.junit.platform.engine.support.hierarchical.ThrowableCollector.execute(Lorg/junit/platform/engine/support/hierarchical/ThrowableCollector$Executable;)V+1
j  org.junit.platform.engine.support.hierarchical.NodeTestTask.lambda$executeRecursively$1(Lorg/junit/platform/engine/support/hierarchical/ThrowableCollector;Lorg/junit/platform/engine/support/hierarchical/EngineExecutionContext;)V+13
j  org.junit.platform.engine.support.hierarchical.NodeTestTask$$Lambda+0x000000ff011c2420.invoke(Lorg/junit/platform/engine/support/hierarchical/EngineExecutionContext;)V+9
j  org.junit.platform.engine.support.hierarchical.Node.around(Lorg/junit/platform/engine/support/hierarchical/EngineExecutionContext;Lorg/junit/platform/engine/support/hierarchical/Node$Invocation;)V+2
j  org.junit.platform.engine.support.hierarchical.NodeTestTask.lambda$executeRecursively$0(Lorg/junit/platform/engine/support/hierarchical/ThrowableCollector;)V+15
j  org.junit.platform.engine.support.hierarchical.NodeTestTask$$Lambda+0x000000ff011c21e8.execute()V+8
j  org.junit.platform.engine.support.hierarchical.ThrowableCollector.execute(Lorg/junit/platform/engine/support/hierarchical/ThrowableCollector$Executable;)V+1
j  org.junit.platform.engine.support.hierarchical.NodeTestTask.executeRecursively()V+34
j  org.junit.platform.engine.support.hierarchical.NodeTestTask.execute()V+79
j  org.junit.platform.engine.support.hierarchical.ForkJoinPoolHierarchicalTestExecutorService$ExclusiveTask.exec()Z+73
j  java.util.concurrent.ForkJoinTask.doExec$$$capture()V+10 java.base@24.0.2
j  java.util.concurrent.ForkJoinTask.doExec()V+5 java.base@24.0.2
j  java.util.concurrent.ForkJoinPool$WorkQueue.tryRemoveAndExec(Ljava/util/concurrent/ForkJoinTask;Z)V+226 java.base@24.0.2
j  java.util.concurrent.ForkJoinPool.helpJoin(Ljava/util/concurrent/ForkJoinTask;Ljava/util/concurrent/ForkJoinPool$WorkQueue;Z)I+7 java.base@24.0.2
j  java.util.concurrent.ForkJoinTask.awaitDone(ZJ)I+104 java.base@24.0.2
j  java.util.concurrent.ForkJoinTask.join()Ljava/lang/Object;+16 java.base@24.0.2
j  org.junit.platform.engine.support.hierarchical.ForkJoinPoolHierarchicalTestExecutorService.joinConcurrentTasksInReverseOrderToEnableWorkStealing(Ljava/util/Deque;)V+27
j  org.junit.platform.engine.support.hierarchical.ForkJoinPoolHierarchicalTestExecutorService.invokeAll(Ljava/util/List;)V+74
j  org.junit.platform.engine.support.hierarchical.NodeTestTask.lambda$executeRecursively$2(Lorg/junit/platform/engine/support/hierarchical/ThrowableCollector;)V+115
j  org.junit.platform.engine.support.hierarchical.NodeTestTask$$Lambda+0x000000ff011c2658.execute()V+8
j  org.junit.platform.engine.support.hierarchical.ThrowableCollector.execute(Lorg/junit/platform/engine/support/hierarchical/ThrowableCollector$Executable;)V+1
j  org.junit.platform.engine.support.hierarchical.NodeTestTask.lambda$executeRecursively$1(Lorg/junit/platform/engine/support/hierarchical/ThrowableCollector;Lorg/junit/platform/engine/support/hierarchical/EngineExecutionContext;)V+13
j  org.junit.platform.engine.support.hierarchical.NodeTestTask$$Lambda+0x000000ff011c2420.invoke(Lorg/junit/platform/engine/support/hierarchical/EngineExecutionContext;)V+9
j  org.junit.platform.engine.support.hierarchical.Node.around(Lorg/junit/platform/engine/support/hierarchical/EngineExecutionContext;Lorg/junit/platform/engine/support/hierarchical/Node$Invocation;)V+2
j  org.junit.platform.engine.support.hierarchical.NodeTestTask.lambda$executeRecursively$0(Lorg/junit/platform/engine/support/hierarchical/ThrowableCollector;)V+15
j  org.junit.platform.engine.support.hierarchical.NodeTestTask$$Lambda+0x000000ff011c21e8.execute()V+8
j  org.junit.platform.engine.support.hierarchical.ThrowableCollector.execute(Lorg/junit/platform/engine/support/hierarchical/ThrowableCollector$Executable;)V+1
j  org.junit.platform.engine.support.hierarchical.NodeTestTask.executeRecursively()V+34
j  org.junit.platform.engine.support.hierarchical.NodeTestTask.execute()V+79
j  org.junit.platform.engine.support.hierarchical.ForkJoinPoolHierarchicalTestExecutorService$ExclusiveTask.exec()Z+73
j  java.util.concurrent.ForkJoinTask.doExec$$$capture()V+10 java.base@24.0.2
j  java.util.concurrent.ForkJoinTask.doExec()V+5 java.base@24.0.2
j  java.util.concurrent.ForkJoinPool$WorkQueue.topLevelExec(Ljava/util/concurrent/ForkJoinTask;I)V+5 java.base@24.0.2
j  java.util.concurrent.ForkJoinPool.runWorker(Ljava/util/concurrent/ForkJoinPool$WorkQueue;)V+362 java.base@24.0.2
j  java.util.concurrent.ForkJoinWorkerThread.run()V+31 java.base@24.0.2
v  ~StubRoutines::call_stub 0x000000011c034114
V  [libjvm.dylib+0x4d0724]  JavaCalls::call_helper(JavaValue*, methodHandle const&, JavaCallArguments*, JavaThread*)+0x3e0
V  [libjvm.dylib+0x4cf644]  JavaCalls::call_virtual(JavaValue*, Klass*, Symbol*, Symbol*, JavaCallArguments*, JavaThread*)+0x164
V  [libjvm.dylib+0x4cf710]  JavaCalls::call_virtual(JavaValue*, Handle, Klass*, Symbol*, Symbol*, JavaThread*)+0x64
...<more frames>...
Java frames: (J=compiled Java code, j=interpreted, Vv=VM code)
j  com.intellij.rt.debugger.agent.CaptureStorage.getAsyncStackTrace(Ljava/lang/Throwable;)[Ljava/lang/StackTraceElement;+11
j  java.lang.Throwable.printStackTrace(Ljava/lang/Throwable$PrintStreamOrWriter;)V+32 java.base@24.0.2
j  java.lang.Throwable.printStackTrace(Ljava/io/PrintWriter;)V+9 java.base@24.0.2
j  io.cucumber.messages.Convertor.extractStackTrace(Ljava/lang/Throwable;)Ljava/lang/String;+19
j  io.cucumber.messages.Convertor.toMessage(Ljava/lang/Throwable;)Lio/cucumber/messages/types/Exception;+23
j  io.cucumber.core.runner.TestStep.emitTestStepFinished(Lio/cucumber/plugin/event/TestCase;Lio/cucumber/core/eventbus/EventBus;Ljava/util/UUID;Ljava/time/Instant;Ljava/time/Duration;Lio/cucumber/plugin/event/Result;)V+69
j  io.cucumber.core.runner.TestStep.run(Lio/cucumber/plugin/event/TestCase;Lio/cucumber/core/eventbus/EventBus;Lio/cucumber/core/runner/TestCaseState;Lio/cucumber/core/runner/ExecutionMode;)Lio/cucumber/core/runner/ExecutionMode;+102
j  io.cucumber.core.runner.PickleStepTestStep.run(Lio/cucumber/plugin/event/TestCase;Lio/cucumber/core/eventbus/EventBus;Lio/cucumber/core/runner/TestCaseState;Lio/cucumber/core/runner/ExecutionMode;)Lio/cucumber/core/runner/ExecutionMode;+68
j  io.cucumber.core.runner.TestCase.run(Lio/cucumber/core/eventbus/EventBus;)V+140
j  io.cucumber.core.runner.Runner.runPickle(Lio/cucumber/core/gherkin/Pickle;)V+48
j  io.cucumber.junit.platform.engine.CucumberEngineExecutionContext.lambda$runTestCase$4(Lio/cucumber/core/gherkin/Pickle;Lio/cucumber/core/runner/Runner;)V+24
j  io.cucumber.junit.platform.engine.CucumberEngineExecutionContext$$Lambda+0x000000ff012d3d30.accept(Ljava/lang/Object;)V+8
j  io.cucumber.core.runtime.CucumberExecutionContext.lambda$runTestCase$5(Ljava/util/function/Consumer;Lio/cucumber/core/runner/Runner;)V+2
j  io.cucumber.core.runtime.CucumberExecutionContext$$Lambda+0x000000ff012dc000.run()V+8
j  io.cucumber.core.runtime.RethrowingThrowableCollector.executeAndThrow(Ljava/lang/Runnable;)V+1
j  io.cucumber.core.runtime.CucumberExecutionContext.runTestCase(Ljava/util/function/Consumer;)V+16
j  io.cucumber.junit.platform.engine.CucumberEngineExecutionContext.runTestCase(Lio/cucumber/core/gherkin/Pickle;)V+10
j  io.cucumber.junit.platform.engine.CucumberTestDescriptor$PickleDescriptor.execute(Lio/cucumber/junit/platform/engine/CucumberEngineExecutionContext;Lorg/junit/platform/engine/support/hierarchical/Node$DynamicTestExecutor;)Lio/cucumber/junit/platform/engine/CucumberEngineExecutionContext;+5
j  io.cucumber.junit.platform.engine.CucumberTestDescriptor$PickleDescriptor.execute(Lorg/junit/platform/engine/support/hierarchical/EngineExecutionContext;Lorg/junit/platform/engine/support/hierarchical/Node$DynamicTestExecutor;)Lorg/junit/platform/engine/support/hierarchical/EngineExecutionContext;+6
j  org.junit.platform.engine.support.hierarchical.NodeTestTask.lambda$executeRecursively$2(Lorg/junit/platform/engine/support/hierarchical/ThrowableCollector;)V+78
j  org.junit.platform.engine.support.hierarchical.NodeTestTask$$Lambda+0x000000ff011c2658.execute()V+8
j  org.junit.platform.engine.support.hierarchical.ThrowableCollector.execute(Lorg/junit/platform/engine/support/hierarchical/ThrowableCollector$Executable;)V+1
j  org.junit.platform.engine.support.hierarchical.NodeTestTask.lambda$executeRecursively$1(Lorg/junit/platform/engine/support/hierarchical/ThrowableCollector;Lorg/junit/platform/engine/support/hierarchical/EngineExecutionContext;)V+13
j  org.junit.platform.engine.support.hierarchical.NodeTestTask$$Lambda+0x000000ff011c2420.invoke(Lorg/junit/platform/engine/support/hierarchical/EngineExecutionContext;)V+9
j  org.junit.platform.engine.support.hierarchical.Node.around(Lorg/junit/platform/engine/support/hierarchical/EngineExecutionContext;Lorg/junit/platform/engine/support/hierarchical/Node$Invocation;)V+2
j  org.junit.platform.engine.support.hierarchical.NodeTestTask.lambda$executeRecursively$0(Lorg/junit/platform/engine/support/hierarchical/ThrowableCollector;)V+15
j  org.junit.platform.engine.support.hierarchical.NodeTestTask$$Lambda+0x000000ff011c21e8.execute()V+8
j  org.junit.platform.engine.support.hierarchical.ThrowableCollector.execute(Lorg/junit/platform/engine/support/hierarchical/ThrowableCollector$Executable;)V+1
j  org.junit.platform.engine.support.hierarchical.NodeTestTask.executeRecursively()V+34
j  org.junit.platform.engine.support.hierarchical.NodeTestTask.execute()V+79
j  org.junit.platform.engine.support.hierarchical.ForkJoinPoolHierarchicalTestExecutorService$ExclusiveTask.exec()Z+73
j  org.junit.platform.engine.support.hierarchical.ForkJoinPoolHierarchicalTestExecutorService$ExclusiveTask.execSync()V+1
j  org.junit.platform.engine.support.hierarchical.ForkJoinPoolHierarchicalTestExecutorService.invokeAll(Ljava/util/List;)V+28
j  org.junit.platform.engine.support.hierarchical.NodeTestTask.lambda$executeRecursively$2(Lorg/junit/platform/engine/support/hierarchical/ThrowableCollector;)V+115
j  org.junit.platform.engine.support.hierarchical.NodeTestTask$$Lambda+0x000000ff011c2658.execute()V+8
j  org.junit.platform.engine.support.hierarchical.ThrowableCollector.execute(Lorg/junit/platform/engine/support/hierarchical/ThrowableCollector$Executable;)V+1
j  org.junit.platform.engine.support.hierarchical.NodeTestTask.lambda$executeRecursively$1(Lorg/junit/platform/engine/support/hierarchical/ThrowableCollector;Lorg/junit/platform/engine/support/hierarchical/EngineExecutionContext;)V+13
j  org.junit.platform.engine.support.hierarchical.NodeTestTask$$Lambda+0x000000ff011c2420.invoke(Lorg/junit/platform/engine/support/hierarchical/EngineExecutionContext;)V+9
j  org.junit.platform.engine.support.hierarchical.Node.around(Lorg/junit/platform/engine/support/hierarchical/EngineExecutionContext;Lorg/junit/platform/engine/support/hierarchical/Node$Invocation;)V+2
j  org.junit.platform.engine.support.hierarchical.NodeTestTask.lambda$executeRecursively$0(Lorg/junit/platform/engine/support/hierarchical/ThrowableCollector;)V+15
j  org.junit.platform.engine.support.hierarchical.NodeTestTask$$Lambda+0x000000ff011c21e8.execute()V+8
j  org.junit.platform.engine.support.hierarchical.ThrowableCollector.execute(Lorg/junit/platform/engine/support/hierarchical/ThrowableCollector$Executable;)V+1
j  org.junit.platform.engine.support.hierarchical.NodeTestTask.executeRecursively()V+34
j  org.junit.platform.engine.support.hierarchical.NodeTestTask.execute()V+79
j  org.junit.platform.engine.support.hierarchical.ForkJoinPoolHierarchicalTestExecutorService$ExclusiveTask.exec()Z+73
j  org.junit.platform.engine.support.hierarchical.ForkJoinPoolHierarchicalTestExecutorService$ExclusiveTask.execSync()V+1
j  org.junit.platform.engine.support.hierarchical.ForkJoinPoolHierarchicalTestExecutorService.invokeAll(Ljava/util/List;)V+28
j  org.junit.platform.engine.support.hierarchical.NodeTestTask.lambda$executeRecursively$2(Lorg/junit/platform/engine/support/hierarchical/ThrowableCollector;)V+115
j  org.junit.platform.engine.support.hierarchical.NodeTestTask$$Lambda+0x000000ff011c2658.execute()V+8
j  org.junit.platform.engine.support.hierarchical.ThrowableCollector.execute(Lorg/junit/platform/engine/support/hierarchical/ThrowableCollector$Executable;)V+1
j  org.junit.platform.engine.support.hierarchical.NodeTestTask.lambda$executeRecursively$1(Lorg/junit/platform/engine/support/hierarchical/ThrowableCollector;Lorg/junit/platform/engine/support/hierarchical/EngineExecutionContext;)V+13
j  org.junit.platform.engine.support.hierarchical.NodeTestTask$$Lambda+0x000000ff011c2420.invoke(Lorg/junit/platform/engine/support/hierarchical/EngineExecutionContext;)V+9
j  org.junit.platform.engine.support.hierarchical.Node.around(Lorg/junit/platform/engine/support/hierarchical/EngineExecutionContext;Lorg/junit/platform/engine/support/hierarchical/Node$Invocation;)V+2
j  org.junit.platform.engine.support.hierarchical.NodeTestTask.lambda$executeRecursively$0(Lorg/junit/platform/engine/support/hierarchical/ThrowableCollector;)V+15
j  org.junit.platform.engine.support.hierarchical.NodeTestTask$$Lambda+0x000000ff011c21e8.execute()V+8
j  org.junit.platform.engine.support.hierarchical.ThrowableCollector.execute(Lorg/junit/platform/engine/support/hierarchical/ThrowableCollector$Executable;)V+1
j  org.junit.platform.engine.support.hierarchical.NodeTestTask.executeRecursively()V+34
j  org.junit.platform.engine.support.hierarchical.NodeTestTask.execute()V+79
j  org.junit.platform.engine.support.hierarchical.ForkJoinPoolHierarchicalTestExecutorService$ExclusiveTask.exec()Z+73
j  java.util.concurrent.ForkJoinTask.doExec$$$capture()V+10 java.base@24.0.2
j  java.util.concurrent.ForkJoinTask.doExec()V+5 java.base@24.0.2
j  java.util.concurrent.ForkJoinPool$WorkQueue.tryRemoveAndExec(Ljava/util/concurrent/ForkJoinTask;Z)V+226 java.base@24.0.2
j  java.util.concurrent.ForkJoinPool.helpJoin(Ljava/util/concurrent/ForkJoinTask;Ljava/util/concurrent/ForkJoinPool$WorkQueue;Z)I+7 java.base@24.0.2
j  java.util.concurrent.ForkJoinTask.awaitDone(ZJ)I+104 java.base@24.0.2
j  java.util.concurrent.ForkJoinTask.join()Ljava/lang/Object;+16 java.base@24.0.2
j  org.junit.platform.engine.support.hierarchical.ForkJoinPoolHierarchicalTestExecutorService.joinConcurrentTasksInReverseOrderToEnableWorkStealing(Ljava/util/Deque;)V+27
j  org.junit.platform.engine.support.hierarchical.ForkJoinPoolHierarchicalTestExecutorService.invokeAll(Ljava/util/List;)V+74
j  org.junit.platform.engine.support.hierarchical.NodeTestTask.lambda$executeRecursively$2(Lorg/junit/platform/engine/support/hierarchical/ThrowableCollector;)V+115
j  org.junit.platform.engine.support.hierarchical.NodeTestTask$$Lambda+0x000000ff011c2658.execute()V+8
j  org.junit.platform.engine.support.hierarchical.ThrowableCollector.execute(Lorg/junit/platform/engine/support/hierarchical/ThrowableCollector$Executable;)V+1
j  org.junit.platform.engine.support.hierarchical.NodeTestTask.lambda$executeRecursively$1(Lorg/junit/platform/engine/support/hierarchical/ThrowableCollector;Lorg/junit/platform/engine/support/hierarchical/EngineExecutionContext;)V+13
j  org.junit.platform.engine.support.hierarchical.NodeTestTask$$Lambda+0x000000ff011c2420.invoke(Lorg/junit/platform/engine/support/hierarchical/EngineExecutionContext;)V+9
j  org.junit.platform.engine.support.hierarchical.Node.around(Lorg/junit/platform/engine/support/hierarchical/EngineExecutionContext;Lorg/junit/platform/engine/support/hierarchical/Node$Invocation;)V+2
j  org.junit.platform.engine.support.hierarchical.NodeTestTask.lambda$executeRecursively$0(Lorg/junit/platform/engine/support/hierarchical/ThrowableCollector;)V+15
j  org.junit.platform.engine.support.hierarchical.NodeTestTask$$Lambda+0x000000ff011c21e8.execute()V+8
j  org.junit.platform.engine.support.hierarchical.ThrowableCollector.execute(Lorg/junit/platform/engine/support/hierarchical/ThrowableCollector$Executable;)V+1
j  org.junit.platform.engine.support.hierarchical.NodeTestTask.executeRecursively()V+34
j  org.junit.platform.engine.support.hierarchical.NodeTestTask.execute()V+79
j  org.junit.platform.engine.support.hierarchical.ForkJoinPoolHierarchicalTestExecutorService$ExclusiveTask.exec()Z+73
j  java.util.concurrent.ForkJoinTask.doExec$$$capture()V+10 java.base@24.0.2
j  java.util.concurrent.ForkJoinTask.doExec()V+5 java.base@24.0.2
j  java.util.concurrent.ForkJoinPool$WorkQueue.topLevelExec(Ljava/util/concurrent/ForkJoinTask;I)V+5 java.base@24.0.2
j  java.util.concurrent.ForkJoinPool.runWorker(Ljava/util/concurrent/ForkJoinPool$WorkQueue;)V+362 java.base@24.0.2
j  java.util.concurrent.ForkJoinWorkerThread.run()V+31 java.base@24.0.2
v  ~StubRoutines::call_stub 0x000000011c034114

siginfo: si_signo: 10 (SIGBUS), si_code: 1 (BUS_ADRALN), si_addr: 0x0000000105053433

Registers:
 x0=0x0000000b60116210  x1=0x0000000105400da0  x2=0x00000000003ff800  x3=0x0000000105407ea0
 x4=0x0000000b60116210  x5=0x0000000000000000  x6=0xffffffffbfc007ff  x7=0xfffff0003ffff800
 x8=0x0000000105187417  x9=0x000000000013b417 x10=0x0000000000134000 x11=0x0000000000000000
x12=0x0000000000000000 x13=0x0000000000000000 x14=0x000000010a990f50 x15=0x0000000b60114000
x16=0x0000000000000002 x17=0xffffffffb00007ff x18=0x0000000000000000 x19=0x0000000b60116210
x20=0x0000000000000000 x21=0x00000001058c4f90 x22=0x0000000105053417 x23=0x0000000b654ba040
x24=0x00000000590d8dc9 x25=0x000000000000002f x26=0x0000000b60116238 x27=0x00000000000000f3
x28=0x00000001058c50b0  fp=0x000000016fb83680  lr=0x000000010519fa74  sp=0x000000016fb835f0
pc=0x000000010519faa8 cpsr=0x0000000080000000

Register to memory mapping:

x0 =0x0000000b60116210 points into unknown readable memory: 0x0000000000000000 | 00 00 00 00 00 00 00 00
x1 =0x0000000105400da0 points into unknown readable memory: 0x001e000000000000 | 00 00 00 00 00 00 1e 00
x2 =0x00000000003ff800 is an unknown value
x3 =0x0000000105407ea0 points into unknown readable memory: 0x043c00042a643d40 | 40 3d 64 2a 04 00 3c 04
x4 =0x0000000b60116210 points into unknown readable memory: 0x0000000000000000 | 00 00 00 00 00 00 00 00
x5 =0x0 is null
x6 =0xffffffffbfc007ff is an unknown value
x7 =0xfffff0003ffff800 is an unknown value
x8 =0x0000000105187417 points into unknown readable memory: 00
x9 =0x000000000013b417 is an unknown value
x10=0x0000000000134000 is an unknown value
x11=0x0 is null
x12=0x0 is null
x13=0x0 is null
x14=0x000000010a990f50 points into unknown readable memory: 0x0046e0000082ec00 | 00 ec 82 00 00 e0 46 00
x15=0x0000000b60114000 points into unknown readable memory: 0x0000000b6a7f56c0 | c0 56 7f 6a 0b 00 00 00
x16=0x0000000000000002 is an unknown value
x17=0xffffffffb00007ff is an unknown value
x18=0x0 is null
x19=0x0000000b60116210 points into unknown readable memory: 0x0000000000000000 | 00 00 00 00 00 00 00 00
x20=0x0 is null
x21=0x00000001058c4f90 points into unknown readable memory: 0x00000001058c5050 | 50 50 8c 05 01 00 00 00
x22=0x0000000105053417 points into unknown readable memory: 50
x23=0x0000000b654ba040 points into unknown readable memory: 0x65746e692f6d6f63 | 63 6f 6d 2f 69 6e 74 65
x24=0x00000000590d8dc9 is an unknown value
x25=0x000000000000002f is an unknown value
x26=0x0000000b60116238 points into unknown readable memory: 0x0000000000000000 | 00 00 00 00 00 00 00 00
x27=0x00000000000000f3 is an unknown value
x28=0x00000001058c50b0 points into unknown readable memory: 0xffffffff5bbd78a2 | a2 78 bd 5b ff ff ff ff
 fp=0x000000016fb83680 is pointing into the stack for thread: 0x0000000b6a1be800
 lr=0x000000010519fa74: newEntry+0x34 in /Users/neijr/Library/Java/JavaVirtualMachines/temurin-24.0.2/Contents/Home/lib/libzip.dylib at 0x000000010518c000
 sp=0x000000016fb835f0 is pointing into the stack for thread: 0x0000000b6a1be800

Top of Stack: (sp=0x000000016fb835f0)
0x000000016fb835f0:   0000000000000000 0000000000000000   ................
0x000000016fb83600:   0000000000000000 0000000000000000   ................
0x000000016fb83610:   000000016fb83648 0000000000000000   H6.o............
0x000000016fb83620:   0000000000000000 0000000000000000   ................
0x000000016fb83630:   00000001058c50b0 00000000000000f3   .P..............
0x000000016fb83640:   0000000000000035 000000000000002f   5......./.......
0x000000016fb83650:   00000000590d8dc9 0000000b654ba040   ...Y....@.Ke....
0x000000016fb83660:   0000000b600d9810 0000000000000000   ...`............
0x000000016fb83670:   0000000b654ba040 00000001058c4f90   @.Ke.....O......
0x000000016fb83680:   000000016fb836e0 000000010519f938   .6.o....8.......
0x000000016fb83690:   000000000000002f 0000000b654ba010   /.........Ke....
0x000000016fb836a0:   0000000b6a1bec54 0000000b654ba040   T..j....@.Ke....
0x000000016fb836b0:   0000000b68c48270 0000000b654ba040   p..h....@.Ke....
0x000000016fb836c0:   00000001058c4f90 0000000b654ba040   .O......@.Ke....
0x000000016fb836d0:   000000016fb8380c 000000016fb83724   .8.o....$7.o....
0x000000016fb836e0:   000000016fb83710 00000001051a038c   .7.o............
0x000000016fb836f0:   000000016fb8380c 0000000b68c48270   .8.o....p..h....
0x000000016fb83700:   0000000000000000 0000000b6a1be800   ...........j....
0x000000016fb83710:   000000016fb837f0 000000010b11d180   .7.o............
0x000000016fb83720:   0000000b69018bc8 0000000000000100   ...i............
0x000000016fb83730:   000000016fb83750 000000010b7196d4   P7.o......q.....
0x000000016fb83740:   0000000000000000 0000000000000100   ................
0x000000016fb83750:   000000016fb83770 000000010b460638   p7.o....8.F.....
0x000000016fb83760:   0000000000000000 000000010bab2322   ........"#......
0x000000016fb83770:   000000016fb837c0 000000010b1220b8   .7.o..... ......
0x000000016fb83780:   000000016fb837a0 000000016fb837d0   .7.o.....7.o....
0x000000016fb83790:   0000000000000000 000000003f400000   ..........@?....
0x000000016fb837a0:   0000000b6a1be800 242ca96b46d900fc   ...j.......Fk.,$
0x000000016fb837b0:   0000000000000001 0000000b654ba040   ........@.Ke....
0x000000016fb837c0:   0000000b68c48270 0000000b68b92768   p..h....h'.h....
0x000000016fb837d0:   0000000b6a1be800 0000000b654ba010   ...j......Ke....
0x000000016fb837e0:   0000000b654ba000 0000000b68c48270   ..Ke....p..h....

Instructions: (pc=0x000000010519faa8)
  0x000000010519f9a8:   34 05 00 94 e0 03 17 aa 32 05 00 94 d2 ff ff 17
  0x000000010519f9b8:   16 00 80 d2 75 01 00 34 56 01 00 b5 5f 07 00 f1
  0x000000010519f9c8:   6b f6 ff 54 48 07 00 51 88 4a 68 38 1f bd 00 71
  0x000000010519f9d8:   e1 f5 ff 54 16 00 80 d2 02 00 00 14 7f 4e 00 f9
  0x000000010519f9e8:   60 2a 40 f9 0b 05 00 94 e0 03 16 aa fd 7b 45 a9
  0x000000010519f9f8:   f4 4f 44 a9 f6 57 43 a9 f8 5f 42 a9 fa 67 41 a9
  0x000000010519fa08:   fc 6f c6 a8 c0 03 5f d6 3f 00 03 6b e1 00 00 54
  0x000000010519fa18:   21 04 00 71 eb 00 00 54 08 14 40 38 49 14 40 38
  0x000000010519fa28:   1f 01 09 6b 60 ff ff 54 00 00 80 52 c0 03 5f d6
  0x000000010519fa38:   20 00 80 52 c0 03 5f d6 ff 83 02 d1 fc 6f 04 a9
  0x000000010519fa48:   fa 67 05 a9 f8 5f 06 a9 f6 57 07 a9 f4 4f 08 a9
  0x000000010519fa58:   fd 7b 09 a9 fd 43 02 91 f4 03 02 aa f6 03 01 aa
  0x000000010519fa68:   f5 03 00 aa 00 09 80 52 0e 05 00 94 f3 03 00 aa
  0x000000010519fa78:   40 13 00 b4 7f 02 00 f9 fa 03 13 aa 5f 8f 02 f8
  0x000000010519fa88:   7f 1a 00 f9 a8 c2 40 39 68 02 00 34 a8 0e 40 f9
  0x000000010519fa98:   c9 06 40 f9 aa 16 40 f9 08 01 09 8b 16 01 0a cb
=>0x000000010519faa8:   d8 3a 40 79 d7 7a 40 39 db 7e 40 39 c8 42 40 79
  0x000000010519fab8:   e8 1f 00 f9 c8 0e 40 b9 c9 1a 40 b9 68 a6 00 a9
  0x000000010519fac8:   e9 17 00 f9 c8 16 40 79 88 04 00 34 c8 16 40 b9
  0x000000010519fad8:   23 00 00 14 d7 06 40 f9 54 0d 00 34 a8 1e 40 f9
  0x000000010519fae8:   88 02 00 b4 a9 22 40 f9 3f 01 17 eb 2c 02 00 54
  0x000000010519faf8:   4a fa 83 52 2a 01 0a 8b 5f 01 17 eb ab 01 00 54
  0x000000010519fb08:   2a 09 40 91 08 01 17 8b 16 01 09 cb c8 3a 40 79
  0x000000010519fb18:   c9 3e 40 79 cb 42 40 79 e8 02 08 8b 08 01 09 8b
  0x000000010519fb28:   08 01 0b 8b 08 b9 00 91 1f 01 0a eb ad fb ff 54
  0x000000010519fb38:   e0 03 15 aa e1 03 17 aa 02 00 84 52 29 04 00 94
  0x000000010519fb48:   f6 03 00 aa a0 0a 00 b4 a0 1e 40 f9 c9 04 00 94
  0x000000010519fb58:   b6 de 03 a9 d3 ff ff 17 08 00 80 d2 fc 03 08 aa
  0x000000010519fb68:   68 0e 00 f9 c8 12 40 b9 68 22 00 b9 c9 a2 42 b8
  0x000000010519fb78:   a8 5e 40 f9 e8 0b 00 f9 e8 03 08 cb e9 13 00 f9
  0x000000010519fb88:   08 01 09 cb 68 1e 00 f9 c8 12 40 79 68 42 00 b9
  0x000000010519fb98:   00 07 00 91 c3 04 00 94 f9 03 00 aa 60 02 00 f9


Stack slot to memory mapping:

stack at sp + 0 slots: 0x0 is null
stack at sp + 1 slots: 0x0 is null
stack at sp + 2 slots: 0x0 is null
stack at sp + 3 slots: 0x0 is null
stack at sp + 4 slots: 0x000000016fb83648 is pointing into the stack for thread: 0x0000000b6a1be800
stack at sp + 5 slots: 0x0 is null
stack at sp + 6 slots: 0x0 is null
stack at sp + 7 slots: 0x0 is null

Lock stack of current Java thread (top to bottom):
LockStack[0]: java.io.PrintWriter 
{0x00000007e55d6588} - klass: 'java/io/PrintWriter' - flags: 

 - ---- fields (total size 5 words):
 - private 'writeBuffer' '[C' @12  null (0x00000000)
 - protected 'lock' 'Ljava/lang/Object;' @16  a 'java/io/StringWriter'{0x00000007e55d6530} (0xfcabaca6)
 - private final 'autoFlush' 'Z' @20  false (0x00)
 - private 'trouble' 'Z' @21  false (0x00)
 - protected 'out' 'Ljava/io/Writer;' @24  a 'java/io/StringWriter'{0x00000007e55d6530} (0xfcabaca6)
 - private 'formatter' 'Ljava/util/Formatter;' @28  null (0x00000000)
 - private 'psOut' 'Ljava/io/PrintStream;' @32  null (0x00000000)


---------------  P R O C E S S  ---------------

Threads class SMR info:
_java_thread_list=0x0000000b600cf440, length=38, elements={
0x00000001058c35b0, 0x0000000b69190000, 0x0000000b69190800, 0x0000000b69191000,
0x0000000b69191800, 0x0000000b69192000, 0x0000000b69192800, 0x0000000b69193000,
0x0000000b691a9800, 0x0000000b691ab800, 0x0000000b691dd000, 0x0000000b691dd800,
0x0000000b69193800, 0x0000000b699b7800, 0x0000000b699e9800, 0x0000000b699ea000,
0x0000000b69d2c000, 0x0000000b6a1be800, 0x0000000b6a5dc800, 0x0000000b6a724800,
0x0000000b6a727000, 0x0000000b6a727800, 0x0000000b6a7e4000, 0x0000000b6a7e6000,
0x0000000b6a7e7800, 0x0000000b6a84c800, 0x0000000b6a84d800, 0x0000000b6a84e000,
0x0000000b6a7fd000, 0x0000000b6a858800, 0x0000000b6a864000, 0x0000000b6a864800,
0x0000000b6a865000, 0x0000000b6a865800, 0x0000000b6a866800, 0x0000000b6ab37800,
0x0000000b691a9000, 0x0000000b6ab01800
}

Java Threads: ( => current thread )
  0x00000001058c35b0 JavaThread "Test worker"                       [_thread_blocked, id=4867, stack(0x000000016aebc000,0x000000016b0bf000) (2060K)]
  0x0000000b69190000 JavaThread "Reference Handler"          daemon [_thread_blocked, id=29443, stack(0x000000016c034000,0x000000016c237000) (2060K)]
  0x0000000b69190800 JavaThread "Finalizer"                  daemon [_thread_blocked, id=29187, stack(0x000000016c240000,0x000000016c443000) (2060K)]
  0x0000000b69191000 JavaThread "Signal Dispatcher"          daemon [_thread_blocked, id=25091, stack(0x000000016c44c000,0x000000016c64f000) (2060K)]
  0x0000000b69191800 JavaThread "Service Thread"             daemon [_thread_blocked, id=28675, stack(0x000000016c658000,0x000000016c85b000) (2060K)]
  0x0000000b69192000 JavaThread "Monitor Deflation Thread"   daemon [_thread_blocked, id=25603, stack(0x000000016c864000,0x000000016ca67000) (2060K)]
  0x0000000b69192800 JavaThread "C2 CompilerThread0"         daemon [_thread_in_native, id=28163, stack(0x000000016ca70000,0x000000016cc73000) (2060K)]
  0x0000000b69193000 JavaThread "C1 CompilerThread0"         daemon [_thread_blocked, id=27907, stack(0x000000016cc7c000,0x000000016ce7f000) (2060K)]
  0x0000000b691a9800 JavaThread "JDWP Event Helper Thread"   daemon [_thread_blocked, id=27139, stack(0x000000016d2a0000,0x000000016d4a3000) (2060K)]
  0x0000000b691ab800 JavaThread "Common-Cleaner"             daemon [_thread_blocked, id=33283, stack(0x000000016d6b8000,0x000000016d8bb000) (2060K)]
  0x0000000b691dd000 JavaThread "IntelliJ Debugger Overhead Detector Coarse Timer" daemon [_thread_blocked, id=33795, stack(0x000000016d8c4000,0x000000016dac7000) (2060K)]
  0x0000000b691dd800 JavaThread "IntelliJ Debugger Helper Thread" daemon [_thread_blocked, id=43011, stack(0x000000016dad0000,0x000000016dcd3000) (2060K)]
  0x0000000b69193800 JavaThread "Notification Thread"        daemon [_thread_blocked, id=42755, stack(0x000000016dcdc000,0x000000016dedf000) (2060K)]
  0x0000000b699b7800 JavaThread "/127.0.0.1:51234 to /127.0.0.1:51232 workers"        [_thread_blocked, id=42243, stack(0x000000016dee8000,0x000000016e0eb000) (2060K)]
  0x0000000b699e9800 JavaThread "/127.0.0.1:51234 to /127.0.0.1:51232 workers Thread 2"        [_thread_blocked, id=34307, stack(0x000000016e0f4000,0x000000016e2f7000) (2060K)]
  0x0000000b699ea000 JavaThread "/127.0.0.1:51234 to /127.0.0.1:51232 workers Thread 3"        [_thread_blocked, id=34819, stack(0x000000016e300000,0x000000016e503000) (2060K)]
  0x0000000b69d2c000 JavaThread "ForkJoinPool-2-worker-1"    daemon [_thread_blocked, id=39951, stack(0x000000016f56c000,0x000000016f76f000) (2060K)]
=>0x0000000b6a1be800 JavaThread "ForkJoinPool-2-worker-2"    daemon [_thread_in_native, id=39171, stack(0x000000016f984000,0x000000016fb87000) (2060K)]
  0x0000000b6a5dc800 JavaThread "process reaper"             daemon [_thread_blocked, id=38659, stack(0x000000016fb90000,0x000000016fbc7000) (220K)]
  0x0000000b6a724800 JavaThread "HttpClient-1-SelectorManager" daemon [_thread_in_native, id=38151, stack(0x000000016ce88000,0x000000016d08b000) (2060K)]
  0x0000000b6a727000 JavaThread "Driver Service Executor"    daemon [_thread_blocked, id=65283, stack(0x000000016fddc000,0x000000016ffdf000) (2060K)]
  0x0000000b6a727800 JavaThread "Driver Service Executor"    daemon [_thread_blocked, id=44035, stack(0x000000016ffe8000,0x00000001701eb000) (2060K)]
  0x0000000b6a7e4000 JavaThread "UrlChecker-2"               daemon [_thread_blocked, id=65027, stack(0x00000001701f4000,0x00000001703f7000) (2060K)]
  0x0000000b6a7e6000 JavaThread "JdkHttpClient-0-0"          daemon [_thread_blocked, id=44803, stack(0x000000017060c000,0x000000017080f000) (2060K)]
  0x0000000b6a7e7800 JavaThread "CompletableFutureDelayScheduler" daemon [_thread_blocked, id=45315, stack(0x0000000170818000,0x0000000170a1b000) (2060K)]
  0x0000000b6a84c800 JavaThread "JdkHttpClient-0-1"          daemon [_thread_blocked, id=45571, stack(0x0000000170a24000,0x0000000170c27000) (2060K)]
  0x0000000b6a84d800 JavaThread "JdkHttpClient-0-2"          daemon [_thread_blocked, id=45827, stack(0x0000000170c30000,0x0000000170e33000) (2060K)]
  0x0000000b6a84e000 JavaThread "JdkHttpClient-0-3"          daemon [_thread_blocked, id=46339, stack(0x0000000170e3c000,0x000000017103f000) (2060K)]
  0x0000000b6a7fd000 JavaThread "HttpClient-2-SelectorManager" daemon [_thread_in_native, id=63491, stack(0x0000000171048000,0x000000017124b000) (2060K)]
  0x0000000b6a858800 JavaThread "JdkHttpClient-1-0"          daemon [_thread_blocked, id=46851, stack(0x0000000171254000,0x0000000171457000) (2060K)]
  0x0000000b6a864000 JavaThread "JdkHttpClient-1-1"          daemon [_thread_blocked, id=47107, stack(0x0000000171460000,0x0000000171663000) (2060K)]
  0x0000000b6a864800 JavaThread "JdkHttpClient-1-2"          daemon [_thread_blocked, id=62723, stack(0x000000017166c000,0x000000017186f000) (2060K)]
  0x0000000b6a865000 JavaThread "JdkHttpClient-1-3"          daemon [_thread_blocked, id=47363, stack(0x0000000171878000,0x0000000171a7b000) (2060K)]
  0x0000000b6a865800 JavaThread "ForkJoinPool.commonPool-worker-1" daemon [_thread_blocked, id=62211, stack(0x0000000171a84000,0x0000000171c87000) (2060K)]
  0x0000000b6a866800 JavaThread "Darkroom Processing Line"   daemon [_thread_blocked, id=30483, stack(0x0000000171c90000,0x0000000171e93000) (2060K)]
  0x0000000b6ab37800 JavaThread "SIGTERM handler"            daemon [_thread_blocked, id=27655, stack(0x000000016d094000,0x000000016d297000) (2060K)]
  0x0000000b691a9000 JavaThread "Thread-7"                   daemon [_thread_blocked, id=32787, stack(0x000000016d4ac000,0x000000016d6af000) (2060K)]
  0x0000000b6ab01800 JavaThread "C2 CompilerThread1"         daemon [_thread_blocked, id=48399, stack(0x0000000170400000,0x0000000170603000) (2060K)]
Total: 38

Other Threads:
  0x0000000b68c9a400 VMThread "VM Thread"                           [id=18179, stack(0x000000016bd10000,0x000000016bf13000) (2060K)]
  0x0000000b68c99c00 WatcherThread "VM Periodic Task Thread"        [id=21011, stack(0x000000016bb04000,0x000000016bd07000) (2060K)]
  0x00000001058cbf50 WorkerThread "GC Thread#0"                     [id=13315, stack(0x000000016b0c8000,0x000000016b2cb000) (2060K)]
  0x0000000b654b8000 WorkerThread "GC Thread#1"                     [id=41731, stack(0x000000016e50c000,0x000000016e70f000) (2060K)]
  0x0000000b654b8400 WorkerThread "GC Thread#2"                     [id=41475, stack(0x000000016e718000,0x000000016e91b000) (2060K)]
  0x0000000b654b8800 WorkerThread "GC Thread#3"                     [id=35843, stack(0x000000016e924000,0x000000016eb27000) (2060K)]
  0x0000000b654b8c00 WorkerThread "GC Thread#4"                     [id=36099, stack(0x000000016eb30000,0x000000016ed33000) (2060K)]
  0x0000000b654b9000 WorkerThread "GC Thread#5"                     [id=40707, stack(0x000000016ed3c000,0x000000016ef3f000) (2060K)]
  0x0000000b654b9400 WorkerThread "GC Thread#6"                     [id=36611, stack(0x000000016ef48000,0x000000016f14b000) (2060K)]
  0x0000000b654b9800 WorkerThread "GC Thread#7"                     [id=36867, stack(0x000000016f154000,0x000000016f357000) (2060K)]
  0x0000000b654ba800 WorkerThread "GC Thread#8"                     [id=37379, stack(0x000000016f360000,0x000000016f563000) (2060K)]
  0x00000001058ceb40 ConcurrentGCThread "G1 Main Marker"            [id=14851, stack(0x000000016b2d4000,0x000000016b4d7000) (2060K)]
  0x0000000b68c98000 WorkerThread "G1 Conc#0"                       [id=14083, stack(0x000000016b4e0000,0x000000016b6e3000) (2060K)]
  0x0000000b61ba9c00 WorkerThread "G1 Conc#1"                       [id=39427, stack(0x000000016f778000,0x000000016f97b000) (2060K)]
  0x00000001058d0680 ConcurrentGCThread "G1 Refine#0"               [id=16643, stack(0x000000016b6ec000,0x000000016b8ef000) (2060K)]
  0x0000000b68c98c00 ConcurrentGCThread "G1 Service"                [id=21251, stack(0x000000016b8f8000,0x000000016bafb000) (2060K)]
Total: 16

Threads with active compile tasks:
C2 CompilerThread0  40952 6380       4       com.intellij.rt.debugger.agent.CaptureStorage::captureThrowable (37 bytes)
Total: 1

VM state: not at safepoint (normal execution)

VM Mutex/Monitor currently owned by a thread: None

Heap address: 0x00000007e0000000, size: 512 MB, Compressed Oops mode: Zero based, Oop shift amount: 3

CDS archive(s) mapped at: [0x000000ff00000000-0x000000ff00d18000-0x000000ff00d18000), size 13729792, SharedBaseAddress: 0x000000ff00000000, ArchiveRelocationMode: 1.
Compressed class space mapped at: 0x000000ff01000000-0x000000ff41000000, reserved size: 1073741824
UseCompressedClassPointers 1, UseCompactObjectHeaders 0
Narrow klass pointer bits 32, Max shift 3
Narrow klass base: 0x000000ff00000000, Narrow klass shift: 0
Encoding Range: [0x000000ff00000000 - 0x0000010000000000), (4294967296 bytes)
Klass Range:    [0x000000ff00000000 - 0x000000ff41000000), (1090519040 bytes)
Klass ID Range:  [8 - 1090519033) (1090519025)

GC Precious Log:
 CardTable entry size: 512
 Card Set container configuration: InlinePtr #cards 5 size 8 Array Of Cards #cards 10 size 36 Howl #buckets 4 coarsen threshold 1843 Howl Bitmap #cards 512 size 80 coarsen threshold 460 Card regions per heap region 1 cards per card region 2048
 CPUs: 10 total, 10 available
 Memory: 16384M
 Large Page Support: Disabled
 NUMA Support: Disabled
 Compressed Oops: Enabled (Zero based)
 Heap Region Size: 1M
 Heap Min Capacity: 8M
 Heap Initial Capacity: 256M
 Heap Max Capacity: 512M
 Pre-touch: Disabled
 Parallel Workers: 9
 Concurrent Workers: 2
 Concurrent Refinement Workers: 9
 Periodic GC: Disabled

Heap:
 garbage-first heap   total reserved 524288K, committed 124928K, used 92175K [0x00000007e0000000, 0x0000000800000000)
  region size 1024K, 41 young (41984K), 8 survivors (8192K)
 Metaspace       used 48967K, committed 49408K, reserved 1114112K
  class space    used 5292K, committed 5440K, reserved 1048576K

Heap Regions: E=young(eden), S=young(survivor), O=old, HS=humongous(starts), HC=humongous(continues), CS=collection set, F=free, TAMS=top-at-mark-start, PB=parsable bottom
|   0|0x00000007e0000000, 0x00000007e0100000, 0x00000007e0100000|100%|HS|  |TAMS 0x00000007e0000000| PB 0x00000007e0000000| Complete |  0
|   1|0x00000007e0100000, 0x00000007e0200000, 0x00000007e0200000|100%| O|  |TAMS 0x00000007e0100000| PB 0x00000007e0100000| Untracked |  0
|   2|0x00000007e0200000, 0x00000007e0300000, 0x00000007e0300000|100%| O|  |TAMS 0x00000007e0200000| PB 0x00000007e0200000| Untracked |  0
|   3|0x00000007e0300000, 0x00000007e0400000, 0x00000007e0400000|100%| O|  |TAMS 0x00000007e0300000| PB 0x00000007e0300000| Untracked |  0
|   4|0x00000007e0400000, 0x00000007e0500000, 0x00000007e0500000|100%| O|  |TAMS 0x00000007e0400000| PB 0x00000007e0400000| Untracked |  0
|   5|0x00000007e0500000, 0x00000007e0600000, 0x00000007e0600000|100%| O|  |TAMS 0x00000007e0500000| PB 0x00000007e0500000| Untracked |  0
|   6|0x00000007e0600000, 0x00000007e0700000, 0x00000007e0700000|100%|HS|  |TAMS 0x00000007e0600000| PB 0x00000007e0600000| Complete |  0
|   7|0x00000007e0700000, 0x00000007e0800000, 0x00000007e0800000|100%| O|  |TAMS 0x00000007e0700000| PB 0x00000007e0700000| Untracked |  0
|   8|0x00000007e0800000, 0x00000007e0900000, 0x00000007e0900000|100%| O|  |TAMS 0x00000007e0800000| PB 0x00000007e0800000| Untracked |  0
|   9|0x00000007e0900000, 0x00000007e0a00000, 0x00000007e0a00000|100%| O|  |TAMS 0x00000007e0900000| PB 0x00000007e0900000| Untracked |  0
|  10|0x00000007e0a00000, 0x00000007e0b00000, 0x00000007e0b00000|100%| O|  |TAMS 0x00000007e0a00000| PB 0x00000007e0a00000| Untracked |  0
|  11|0x00000007e0b00000, 0x00000007e0c00000, 0x00000007e0c00000|100%| O|  |TAMS 0x00000007e0b00000| PB 0x00000007e0b00000| Untracked |  0
|  12|0x00000007e0c00000, 0x00000007e0d00000, 0x00000007e0d00000|100%| O|  |TAMS 0x00000007e0c00000| PB 0x00000007e0c00000| Untracked |  0
|  13|0x00000007e0d00000, 0x00000007e0e00000, 0x00000007e0e00000|100%| O|  |TAMS 0x00000007e0d00000| PB 0x00000007e0d00000| Untracked |  0
|  14|0x00000007e0e00000, 0x00000007e0f00000, 0x00000007e0f00000|100%| O|  |TAMS 0x00000007e0e00000| PB 0x00000007e0e00000| Untracked |  0
|  15|0x00000007e0f00000, 0x00000007e1000000, 0x00000007e1000000|100%| O|  |TAMS 0x00000007e0f00000| PB 0x00000007e0f00000| Untracked |  0
|  16|0x00000007e1000000, 0x00000007e1100000, 0x00000007e1100000|100%| O|  |TAMS 0x00000007e1000000| PB 0x00000007e1000000| Untracked |  0
|  17|0x00000007e1100000, 0x00000007e1200000, 0x00000007e1200000|100%| O|  |TAMS 0x00000007e1100000| PB 0x00000007e1100000| Untracked |  0
|  18|0x00000007e1200000, 0x00000007e1300000, 0x00000007e1300000|100%| O|  |TAMS 0x00000007e1200000| PB 0x00000007e1200000| Untracked |  0
|  19|0x00000007e1300000, 0x00000007e1400000, 0x00000007e1400000|100%|HS|  |TAMS 0x00000007e1300000| PB 0x00000007e1300000| Complete |  0
|  20|0x00000007e1400000, 0x00000007e1500000, 0x00000007e1500000|100%|HC|  |TAMS 0x00000007e1400000| PB 0x00000007e1400000| Complete |  0
|  21|0x00000007e1500000, 0x00000007e1600000, 0x00000007e1600000|100%|HS|  |TAMS 0x00000007e1500000| PB 0x00000007e1500000| Complete |  0
|  22|0x00000007e1600000, 0x00000007e1700000, 0x00000007e1700000|100%|HC|  |TAMS 0x00000007e1600000| PB 0x00000007e1600000| Complete |  0
|  23|0x00000007e1700000, 0x00000007e1800000, 0x00000007e1800000|100%|HS|  |TAMS 0x00000007e1700000| PB 0x00000007e1700000| Complete |  0
|  24|0x00000007e1800000, 0x00000007e1900000, 0x00000007e1900000|100%|HC|  |TAMS 0x00000007e1800000| PB 0x00000007e1800000| Complete |  0
|  25|0x00000007e1900000, 0x00000007e1a00000, 0x00000007e1a00000|100%|HS|  |TAMS 0x00000007e1900000| PB 0x00000007e1900000| Complete |  0
|  26|0x00000007e1a00000, 0x00000007e1b00000, 0x00000007e1b00000|100%|HC|  |TAMS 0x00000007e1a00000| PB 0x00000007e1a00000| Complete |  0
|  27|0x00000007e1b00000, 0x00000007e1c00000, 0x00000007e1c00000|100%|HC|  |TAMS 0x00000007e1b00000| PB 0x00000007e1b00000| Complete |  0
|  28|0x00000007e1c00000, 0x00000007e1d00000, 0x00000007e1d00000|100%|HS|  |TAMS 0x00000007e1c00000| PB 0x00000007e1c00000| Complete |  0
|  29|0x00000007e1d00000, 0x00000007e1e00000, 0x00000007e1e00000|100%|HC|  |TAMS 0x00000007e1d00000| PB 0x00000007e1d00000| Complete |  0
|  30|0x00000007e1e00000, 0x00000007e1f00000, 0x00000007e1f00000|100%|HS|  |TAMS 0x00000007e1e00000| PB 0x00000007e1e00000| Complete |  0
|  31|0x00000007e1f00000, 0x00000007e2000000, 0x00000007e2000000|100%|HC|  |TAMS 0x00000007e1f00000| PB 0x00000007e1f00000| Complete |  0
|  32|0x00000007e2000000, 0x00000007e2100000, 0x00000007e2100000|100%|HS|  |TAMS 0x00000007e2000000| PB 0x00000007e2000000| Complete |  0
|  33|0x00000007e2100000, 0x00000007e2200000, 0x00000007e2200000|100%|HS|  |TAMS 0x00000007e2100000| PB 0x00000007e2100000| Complete |  0
|  34|0x00000007e2200000, 0x00000007e2300000, 0x00000007e2300000|100%|HS|  |TAMS 0x00000007e2200000| PB 0x00000007e2200000| Complete |  0
|  35|0x00000007e2300000, 0x00000007e2400000, 0x00000007e2400000|100%|HC|  |TAMS 0x00000007e2300000| PB 0x00000007e2300000| Complete |  0
|  36|0x00000007e2400000, 0x00000007e2500000, 0x00000007e2500000|100%|HS|  |TAMS 0x00000007e2400000| PB 0x00000007e2400000| Complete |  0
|  37|0x00000007e2500000, 0x00000007e2600000, 0x00000007e2600000|100%|HS|  |TAMS 0x00000007e2500000| PB 0x00000007e2500000| Complete |  0
|  38|0x00000007e2600000, 0x00000007e2700000, 0x00000007e2700000|100%|HS|  |TAMS 0x00000007e2600000| PB 0x00000007e2600000| Complete |  0
|  39|0x00000007e2700000, 0x00000007e2800000, 0x00000007e2800000|100%|HS|  |TAMS 0x00000007e2700000| PB 0x00000007e2700000| Complete |  0
|  40|0x00000007e2800000, 0x00000007e2900000, 0x00000007e2900000|100%|HC|  |TAMS 0x00000007e2800000| PB 0x00000007e2800000| Complete |  0
|  41|0x00000007e2900000, 0x00000007e2a00000, 0x00000007e2a00000|100%|HS|  |TAMS 0x00000007e2900000| PB 0x00000007e2900000| Complete |  0
|  42|0x00000007e2a00000, 0x00000007e2b00000, 0x00000007e2b00000|100%|HS|  |TAMS 0x00000007e2a00000| PB 0x00000007e2a00000| Complete |  0
|  43|0x00000007e2b00000, 0x00000007e2c00000, 0x00000007e2c00000|100%|HC|  |TAMS 0x00000007e2b00000| PB 0x00000007e2b00000| Complete |  0
|  44|0x00000007e2c00000, 0x00000007e2d00000, 0x00000007e2d00000|100%|HC|  |TAMS 0x00000007e2c00000| PB 0x00000007e2c00000| Complete |  0
|  45|0x00000007e2d00000, 0x00000007e2e00000, 0x00000007e2e00000|100%|HS|  |TAMS 0x00000007e2d00000| PB 0x00000007e2d00000| Complete |  0
|  46|0x00000007e2e00000, 0x00000007e2f00000, 0x00000007e2f00000|100%|HS|  |TAMS 0x00000007e2e00000| PB 0x00000007e2e00000| Complete |  0
|  47|0x00000007e2f00000, 0x00000007e2f00000, 0x00000007e3000000|  0%| F|  |TAMS 0x00000007e2f00000| PB 0x00000007e2f00000| Untracked |  0
|  48|0x00000007e3000000, 0x00000007e3000000, 0x00000007e3100000|  0%| F|  |TAMS 0x00000007e3000000| PB 0x00000007e3000000| Untracked |  0
|  49|0x00000007e3100000, 0x00000007e3100000, 0x00000007e3200000|  0%| F|  |TAMS 0x00000007e3100000| PB 0x00000007e3100000| Untracked |  0
|  50|0x00000007e3200000, 0x00000007e3200000, 0x00000007e3300000|  0%| F|  |TAMS 0x00000007e3200000| PB 0x00000007e3200000| Untracked |  0
|  51|0x00000007e3300000, 0x00000007e3300000, 0x00000007e3400000|  0%| F|  |TAMS 0x00000007e3300000| PB 0x00000007e3300000| Untracked |  0
|  52|0x00000007e3400000, 0x00000007e3400000, 0x00000007e3500000|  0%| F|  |TAMS 0x00000007e3400000| PB 0x00000007e3400000| Untracked |  0
|  53|0x00000007e3500000, 0x00000007e3500000, 0x00000007e3600000|  0%| F|  |TAMS 0x00000007e3500000| PB 0x00000007e3500000| Untracked |  0
|  54|0x00000007e3600000, 0x00000007e3600000, 0x00000007e3700000|  0%| F|  |TAMS 0x00000007e3600000| PB 0x00000007e3600000| Untracked |  0
|  55|0x00000007e3700000, 0x00000007e3730f78, 0x00000007e3800000| 19%| S|CS|TAMS 0x00000007e3700000| PB 0x00000007e3700000| Complete |  0
|  56|0x00000007e3800000, 0x00000007e3900000, 0x00000007e3900000|100%| S|CS|TAMS 0x00000007e3800000| PB 0x00000007e3800000| Complete |  0
|  57|0x00000007e3900000, 0x00000007e3a00000, 0x00000007e3a00000|100%| S|CS|TAMS 0x00000007e3900000| PB 0x00000007e3900000| Complete |  0
|  58|0x00000007e3a00000, 0x00000007e3b00000, 0x00000007e3b00000|100%| S|CS|TAMS 0x00000007e3a00000| PB 0x00000007e3a00000| Complete |  0
|  59|0x00000007e3b00000, 0x00000007e3c00000, 0x00000007e3c00000|100%| S|CS|TAMS 0x00000007e3b00000| PB 0x00000007e3b00000| Complete |  0
|  60|0x00000007e3c00000, 0x00000007e3d00000, 0x00000007e3d00000|100%| S|CS|TAMS 0x00000007e3c00000| PB 0x00000007e3c00000| Complete |  0
|  61|0x00000007e3d00000, 0x00000007e3e00000, 0x00000007e3e00000|100%| S|CS|TAMS 0x00000007e3d00000| PB 0x00000007e3d00000| Complete |  0
|  62|0x00000007e3e00000, 0x00000007e3f00000, 0x00000007e3f00000|100%| S|CS|TAMS 0x00000007e3e00000| PB 0x00000007e3e00000| Complete |  0
|  63|0x00000007e3f00000, 0x00000007e3f00000, 0x00000007e4000000|  0%| F|  |TAMS 0x00000007e3f00000| PB 0x00000007e3f00000| Untracked |  0
|  64|0x00000007e4000000, 0x00000007e4000000, 0x00000007e4100000|  0%| F|  |TAMS 0x00000007e4000000| PB 0x00000007e4000000| Untracked |  0
|  65|0x00000007e4100000, 0x00000007e4100000, 0x00000007e4200000|  0%| F|  |TAMS 0x00000007e4100000| PB 0x00000007e4100000| Untracked |  0
|  66|0x00000007e4200000, 0x00000007e4200000, 0x00000007e4300000|  0%| F|  |TAMS 0x00000007e4200000| PB 0x00000007e4200000| Untracked |  0
|  67|0x00000007e4300000, 0x00000007e4300000, 0x00000007e4400000|  0%| F|  |TAMS 0x00000007e4300000| PB 0x00000007e4300000| Untracked |  0
|  68|0x00000007e4400000, 0x00000007e4400000, 0x00000007e4500000|  0%| F|  |TAMS 0x00000007e4400000| PB 0x00000007e4400000| Untracked |  0
|  69|0x00000007e4500000, 0x00000007e4500000, 0x00000007e4600000|  0%| F|  |TAMS 0x00000007e4500000| PB 0x00000007e4500000| Untracked |  0
|  70|0x00000007e4600000, 0x00000007e4600000, 0x00000007e4700000|  0%| F|  |TAMS 0x00000007e4600000| PB 0x00000007e4600000| Untracked |  0
|  71|0x00000007e4700000, 0x00000007e4700000, 0x00000007e4800000|  0%| F|  |TAMS 0x00000007e4700000| PB 0x00000007e4700000| Untracked |  0
|  72|0x00000007e4800000, 0x00000007e4800000, 0x00000007e4900000|  0%| F|  |TAMS 0x00000007e4800000| PB 0x00000007e4800000| Untracked |  0
|  73|0x00000007e4900000, 0x00000007e4900000, 0x00000007e4a00000|  0%| F|  |TAMS 0x00000007e4900000| PB 0x00000007e4900000| Untracked |  0
|  74|0x00000007e4a00000, 0x00000007e4a00000, 0x00000007e4b00000|  0%| F|  |TAMS 0x00000007e4a00000| PB 0x00000007e4a00000| Untracked |  0
|  75|0x00000007e4b00000, 0x00000007e4b00000, 0x00000007e4c00000|  0%| F|  |TAMS 0x00000007e4b00000| PB 0x00000007e4b00000| Untracked |  0
|  76|0x00000007e4c00000, 0x00000007e4c00000, 0x00000007e4d00000|  0%| F|  |TAMS 0x00000007e4c00000| PB 0x00000007e4c00000| Untracked |  0
|  77|0x00000007e4d00000, 0x00000007e4d00000, 0x00000007e4e00000|  0%| F|  |TAMS 0x00000007e4d00000| PB 0x00000007e4d00000| Untracked |  0
|  78|0x00000007e4e00000, 0x00000007e4e00000, 0x00000007e4f00000|  0%| F|  |TAMS 0x00000007e4e00000| PB 0x00000007e4e00000| Untracked |  0
|  79|0x00000007e4f00000, 0x00000007e4f00000, 0x00000007e5000000|  0%| F|  |TAMS 0x00000007e4f00000| PB 0x00000007e4f00000| Untracked |  0
|  80|0x00000007e5000000, 0x00000007e5000000, 0x00000007e5100000|  0%| F|  |TAMS 0x00000007e5000000| PB 0x00000007e5000000| Untracked |  0
|  81|0x00000007e5100000, 0x00000007e5100000, 0x00000007e5200000|  0%| F|  |TAMS 0x00000007e5100000| PB 0x00000007e5100000| Untracked |  0
|  82|0x00000007e5200000, 0x00000007e5200000, 0x00000007e5300000|  0%| F|  |TAMS 0x00000007e5200000| PB 0x00000007e5200000| Untracked |  0
|  83|0x00000007e5300000, 0x00000007e5300000, 0x00000007e5400000|  0%| F|  |TAMS 0x00000007e5300000| PB 0x00000007e5300000| Untracked |  0
|  84|0x00000007e5400000, 0x00000007e5428aa8, 0x00000007e5500000| 15%| E|  |TAMS 0x00000007e5400000| PB 0x00000007e5400000| Complete |  0
|  85|0x00000007e5500000, 0x00000007e5600000, 0x00000007e5600000|100%| E|CS|TAMS 0x00000007e5500000| PB 0x00000007e5500000| Complete |  0
|  86|0x00000007e5600000, 0x00000007e5700000, 0x00000007e5700000|100%| E|CS|TAMS 0x00000007e5600000| PB 0x00000007e5600000| Complete |  0
|  87|0x00000007e5700000, 0x00000007e5800000, 0x00000007e5800000|100%| E|CS|TAMS 0x00000007e5700000| PB 0x00000007e5700000| Complete |  0
|  88|0x00000007e5800000, 0x00000007e5900000, 0x00000007e5900000|100%| E|CS|TAMS 0x00000007e5800000| PB 0x00000007e5800000| Complete |  0
|  89|0x00000007e5900000, 0x00000007e5a00000, 0x00000007e5a00000|100%| E|CS|TAMS 0x00000007e5900000| PB 0x00000007e5900000| Complete |  0
|  90|0x00000007e5a00000, 0x00000007e5b00000, 0x00000007e5b00000|100%| E|CS|TAMS 0x00000007e5a00000| PB 0x00000007e5a00000| Complete |  0
|  91|0x00000007e5b00000, 0x00000007e5c00000, 0x00000007e5c00000|100%| E|CS|TAMS 0x00000007e5b00000| PB 0x00000007e5b00000| Complete |  0
|  92|0x00000007e5c00000, 0x00000007e5d00000, 0x00000007e5d00000|100%| E|CS|TAMS 0x00000007e5c00000| PB 0x00000007e5c00000| Complete |  0
|  93|0x00000007e5d00000, 0x00000007e5e00000, 0x00000007e5e00000|100%| E|CS|TAMS 0x00000007e5d00000| PB 0x00000007e5d00000| Complete |  0
|  94|0x00000007e5e00000, 0x00000007e5f00000, 0x00000007e5f00000|100%| E|CS|TAMS 0x00000007e5e00000| PB 0x00000007e5e00000| Complete |  0
|  95|0x00000007e5f00000, 0x00000007e6000000, 0x00000007e6000000|100%| E|CS|TAMS 0x00000007e5f00000| PB 0x00000007e5f00000| Complete |  0
|  96|0x00000007e6000000, 0x00000007e6100000, 0x00000007e6100000|100%| E|CS|TAMS 0x00000007e6000000| PB 0x00000007e6000000| Complete |  0
|  97|0x00000007e6100000, 0x00000007e6200000, 0x00000007e6200000|100%| E|CS|TAMS 0x00000007e6100000| PB 0x00000007e6100000| Complete |  0
|  98|0x00000007e6200000, 0x00000007e6300000, 0x00000007e6300000|100%| E|CS|TAMS 0x00000007e6200000| PB 0x00000007e6200000| Complete |  0
|  99|0x00000007e6300000, 0x00000007e6400000, 0x00000007e6400000|100%| E|CS|TAMS 0x00000007e6300000| PB 0x00000007e6300000| Complete |  0
| 100|0x00000007e6400000, 0x00000007e6500000, 0x00000007e6500000|100%| E|CS|TAMS 0x00000007e6400000| PB 0x00000007e6400000| Complete |  0
| 101|0x00000007e6500000, 0x00000007e6600000, 0x00000007e6600000|100%| E|CS|TAMS 0x00000007e6500000| PB 0x00000007e6500000| Complete |  0
| 102|0x00000007e6600000, 0x00000007e6700000, 0x00000007e6700000|100%| E|CS|TAMS 0x00000007e6600000| PB 0x00000007e6600000| Complete |  0
| 103|0x00000007e6700000, 0x00000007e6800000, 0x00000007e6800000|100%| E|CS|TAMS 0x00000007e6700000| PB 0x00000007e6700000| Complete |  0
| 104|0x00000007e6800000, 0x00000007e6900000, 0x00000007e6900000|100%| E|CS|TAMS 0x00000007e6800000| PB 0x00000007e6800000| Complete |  0
| 105|0x00000007e6900000, 0x00000007e6a00000, 0x00000007e6a00000|100%| E|CS|TAMS 0x00000007e6900000| PB 0x00000007e6900000| Complete |  0
| 190|0x00000007ebe00000, 0x00000007ebf00000, 0x00000007ebf00000|100%| E|CS|TAMS 0x00000007ebe00000| PB 0x00000007ebe00000| Complete |  0
| 191|0x00000007ebf00000, 0x00000007ec000000, 0x00000007ec000000|100%| E|CS|TAMS 0x00000007ebf00000| PB 0x00000007ebf00000| Complete |  0
| 192|0x00000007ec000000, 0x00000007ec0ffe90, 0x00000007ec100000| 99%| E|  |TAMS 0x00000007ec000000| PB 0x00000007ec000000| Complete |  0
| 193|0x00000007ec100000, 0x00000007ec200000, 0x00000007ec200000|100%| E|CS|TAMS 0x00000007ec100000| PB 0x00000007ec100000| Complete |  0
| 194|0x00000007ec200000, 0x00000007ec300000, 0x00000007ec300000|100%| E|CS|TAMS 0x00000007ec200000| PB 0x00000007ec200000| Complete |  0
| 195|0x00000007ec300000, 0x00000007ec400000, 0x00000007ec400000|100%| E|CS|TAMS 0x00000007ec300000| PB 0x00000007ec300000| Complete |  0
| 196|0x00000007ec400000, 0x00000007ec500000, 0x00000007ec500000|100%| E|CS|TAMS 0x00000007ec400000| PB 0x00000007ec400000| Complete |  0
| 197|0x00000007ec500000, 0x00000007ec600000, 0x00000007ec600000|100%| E|CS|TAMS 0x00000007ec500000| PB 0x00000007ec500000| Complete |  0
| 198|0x00000007ec600000, 0x00000007ec700000, 0x00000007ec700000|100%| E|CS|TAMS 0x00000007ec600000| PB 0x00000007ec600000| Complete |  0
| 255|0x00000007eff00000, 0x00000007f0000000, 0x00000007f0000000|100%| E|CS|TAMS 0x00000007eff00000| PB 0x00000007eff00000| Complete |  0
| 506|0x00000007ffa00000, 0x00000007ffad2f00, 0x00000007ffb00000| 82%| O|  |TAMS 0x00000007ffa00000| PB 0x00000007ffa00000| Untracked |  0
| 507|0x00000007ffb00000, 0x00000007ffc00000, 0x00000007ffc00000|100%| O|  |TAMS 0x00000007ffb00000| PB 0x00000007ffb00000| Untracked |  0
| 508|0x00000007ffc00000, 0x00000007ffd00000, 0x00000007ffd00000|100%| O|  |TAMS 0x00000007ffc00000| PB 0x00000007ffc00000| Untracked |  0
| 509|0x00000007ffd00000, 0x00000007ffe00000, 0x00000007ffe00000|100%| O|  |TAMS 0x00000007ffd00000| PB 0x00000007ffd00000| Untracked |  0
| 510|0x00000007ffe00000, 0x00000007fff00000, 0x00000007fff00000|100%| O|  |TAMS 0x00000007ffe00000| PB 0x00000007ffe00000| Untracked |  0
| 511|0x00000007fff00000, 0x0000000800000000, 0x0000000800000000|100%| E|CS|TAMS 0x00000007fff00000| PB 0x00000007fff00000| Complete |  0

Card table byte_map: [0x000000010a054000,0x000000010a154000] _byte_map_base: 0x0000000106154000

Marking Bits: (CMBitMap*) 0x00000001058cc360
 Bits: [0x000000010a154000, 0x000000010a954000)

Polling page: 0x0000000104ff8000

Metaspace:

Usage:
  Non-class:     42.65 MB used.
      Class:      5.17 MB used.
       Both:     47.82 MB used.

Virtual space:
  Non-class space:       64.00 MB reserved,      42.94 MB ( 67%) committed,  1 nodes.
      Class space:        1.00 GB reserved,       5.31 MB ( <1%) committed,  1 nodes.
             Both:        1.06 GB reserved,      48.25 MB (  4%) committed. 

Chunk freelists:
   Non-Class:  5.11 MB
       Class:  10.53 MB
        Both:  15.64 MB

MaxMetaspaceSize: unlimited
CompressedClassSpaceSize: 1.00 GB
Initial GC threshold: 21.00 MB
Current GC threshold: 59.00 MB
CDS: on
 - commit_granule_bytes: 65536.
 - commit_granule_words: 8192.
 - virtual_space_node_default_size: 8388608.
 - enlarge_chunks_in_place: 1.
UseCompressedClassPointers 1, UseCompactObjectHeaders 0
Narrow klass pointer bits 32, Max shift 3
Narrow klass base: 0x000000ff00000000, Narrow klass shift: 0
Encoding Range: [0x000000ff00000000 - 0x0000010000000000), (4294967296 bytes)
Klass Range:    [0x000000ff00000000 - 0x000000ff41000000), (1090519040 bytes)
Klass ID Range:  [8 - 1090519033) (1090519025)


Internal statistics:

num_allocs_failed_limit: 6.
num_arena_births: 424.
num_arena_deaths: 0.
num_vsnodes_births: 2.
num_vsnodes_deaths: 0.
num_space_committed: 772.
num_space_uncommitted: 0.
num_chunks_returned_to_freelist: 6.
num_chunks_taken_from_freelist: 1805.
num_chunk_merges: 6.
num_chunk_splits: 1274.
num_chunks_enlarged: 1018.
num_inconsistent_stats: 0.

CodeHeap 'non-profiled nmethods': size=120048Kb used=1927Kb max_used=1927Kb free=118120Kb
 bounds [0x000000011c5c4000, 0x000000011c834000, 0x0000000123b00000]
CodeHeap 'profiled nmethods': size=120016Kb used=10471Kb max_used=10471Kb free=109544Kb
 bounds [0x0000000114b00000, 0x0000000115540000, 0x000000011c034000]
CodeHeap 'non-nmethods': size=5696Kb used=1457Kb max_used=1561Kb free=4238Kb
 bounds [0x000000011c034000, 0x000000011c2a4000, 0x000000011c5c4000]
CodeCache: size=245760Kb, used=13855Kb, max_used=13959Kb, free=231902Kb
 total_blobs=6298, nmethods=5642, adapters=565, full_count=0
Compilation: enabled, stopped_count=0, restarted_count=0

Compilation events (20 events):
Event: 40.936 Thread 0x0000000b69193000 nmethod 6369 0x0000000114c3a488 code [0x0000000114c3a580, 0x0000000114c3a660]
Event: 40.936 Thread 0x0000000b69193000 6370       1       java.time.ZoneOffset::getTotalSeconds (5 bytes)
Event: 40.936 Thread 0x0000000b69193000 nmethod 6370 0x000000011c7a0608 code [0x000000011c7a0700, 0x000000011c7a07d8]
Event: 40.937 Thread 0x0000000b69193000 6371       3       java.lang.StringBuilder::append (6 bytes)
Event: 40.937 Thread 0x0000000b69193000 nmethod 6371 0x00000001155345c8 code [0x0000000115534700, 0x0000000115534978]
Event: 40.938 Thread 0x0000000b6ab01800 6372   !   4       com.intellij.rt.debugger.agent.CaptureStorage$5::run (120 bytes)
Event: 40.938 Thread 0x0000000b69192800 6373  s!   4       java.lang.StackTraceElement::computeFormat (71 bytes)
Event: 40.941 Thread 0x0000000b69193000 6376       3       jdk.internal.net.http.common.SequentialScheduler::<init> (53 bytes)
Event: 40.941 Thread 0x0000000b69193000 nmethod 6376 0x00000001155349c8 code [0x0000000115534bc0, 0x0000000115535520]
Event: 40.941 Thread 0x0000000b69193000 6377       3       jdk.internal.net.http.common.SequentialScheduler$TryEndDeferredCompleter::<init> (10 bytes)
Event: 40.941 Thread 0x0000000b69193000 nmethod 6377 0x0000000115535608 code [0x0000000115535740, 0x0000000115535968]
Event: 40.941 Thread 0x0000000b69192800 nmethod 6373 0x000000011c7a0808 code [0x000000011c7a09c0, 0x000000011c7a13c0]
Event: 40.941 Thread 0x0000000b69192800 6374       4       java.lang.StackTraceElement::isHashedInJavaBase (31 bytes)
Event: 40.941 Thread 0x0000000b69193000 6378       1       java.lang.Throwable::getMessage (5 bytes)
Event: 40.941 Thread 0x0000000b69193000 nmethod 6378 0x000000011c7a14c8 code [0x000000011c7a15c0, 0x000000011c7a1698]
Event: 40.942 Thread 0x0000000b69193000 6379       3       org.openqa.selenium.SharedCapabilitiesMethods::lambda$abbreviate$4 (32 bytes)
Event: 40.942 Thread 0x0000000b69193000 nmethod 6379 0x00000001155359c8 code [0x0000000115535c80, 0x0000000115536bd0]
Event: 40.942 Thread 0x0000000b69193000 6382   !   3       jdk.internal.net.http.Exchange::checkCancelled (200 bytes)
Event: 40.943 Thread 0x0000000b69193000 nmethod 6382 0x0000000115536d08 code [0x00000001155371c0, 0x00000001155397e0]
Event: 40.943 Thread 0x0000000b69193000 6383       3       java.nio.HeapByteBuffer::putInt (31 bytes)

GC Heap History (16 events):
Event: 0.319 GC heap before
{Heap before GC invocations=0 (full 0):
 garbage-first heap   total reserved 524288K, committed 264192K, used 49246K [0x00000007e0000000, 0x0000000800000000)
  region size 1024K, 47 young (48128K), 0 survivors (0K)
 Metaspace       used 11984K, committed 12224K, reserved 1114112K
  class space    used 1112K, committed 1216K, reserved 1048576K
}
Event: 0.321 GC heap after
{Heap after GC invocations=1 (full 0):
 garbage-first heap   total reserved 524288K, committed 264192K, used 13982K [0x00000007e0000000, 0x0000000800000000)
  region size 1024K, 6 young (6144K), 6 survivors (6144K)
 Metaspace       used 11984K, committed 12224K, reserved 1114112K
  class space    used 1112K, committed 1216K, reserved 1048576K
}
Event: 0.508 GC heap before
{Heap before GC invocations=1 (full 0):
 garbage-first heap   total reserved 524288K, committed 264192K, used 64158K [0x00000007e0000000, 0x0000000800000000)
  region size 1024K, 57 young (58368K), 6 survivors (6144K)
 Metaspace       used 21245K, committed 21504K, reserved 1114112K
  class space    used 2123K, committed 2240K, reserved 1048576K
}
Event: 0.510 GC heap after
{Heap after GC invocations=2 (full 0):
 garbage-first heap   total reserved 524288K, committed 264192K, used 16563K [0x00000007e0000000, 0x0000000800000000)
  region size 1024K, 9 young (9216K), 9 survivors (9216K)
 Metaspace       used 21245K, committed 21504K, reserved 1114112K
  class space    used 2123K, committed 2240K, reserved 1048576K
}
Event: 0.643 GC heap before
{Heap before GC invocations=3 (full 0):
 garbage-first heap   total reserved 524288K, committed 61440K, used 43187K [0x00000007e0000000, 0x0000000800000000)
  region size 1024K, 36 young (36864K), 9 survivors (9216K)
 Metaspace       used 27294K, committed 27584K, reserved 1114112K
  class space    used 2723K, committed 2816K, reserved 1048576K
}
Event: 0.646 GC heap after
{Heap after GC invocations=4 (full 0):
 garbage-first heap   total reserved 524288K, committed 61440K, used 18310K [0x00000007e0000000, 0x0000000800000000)
  region size 1024K, 5 young (5120K), 5 survivors (5120K)
 Metaspace       used 27294K, committed 27584K, reserved 1114112K
  class space    used 2723K, committed 2816K, reserved 1048576K
}
Event: 0.769 GC heap before
{Heap before GC invocations=4 (full 0):
 garbage-first heap   total reserved 524288K, committed 61440K, used 41862K [0x00000007e0000000, 0x0000000800000000)
  region size 1024K, 29 young (29696K), 5 survivors (5120K)
 Metaspace       used 31357K, committed 31680K, reserved 1114112K
  class space    used 3194K, committed 3328K, reserved 1048576K
}
Event: 0.770 GC heap after
{Heap after GC invocations=5 (full 0):
 garbage-first heap   total reserved 524288K, committed 61440K, used 19632K [0x00000007e0000000, 0x0000000800000000)
  region size 1024K, 3 young (3072K), 3 survivors (3072K)
 Metaspace       used 31357K, committed 31680K, reserved 1114112K
  class space    used 3194K, committed 3328K, reserved 1048576K
}
Event: 1.008 GC heap before
{Heap before GC invocations=5 (full 0):
 garbage-first heap   total reserved 524288K, committed 61440K, used 44208K [0x00000007e0000000, 0x0000000800000000)
  region size 1024K, 28 young (28672K), 3 survivors (3072K)
 Metaspace       used 35773K, committed 36096K, reserved 1114112K
  class space    used 3837K, committed 3968K, reserved 1048576K
}
Event: 1.009 GC heap after
{Heap after GC invocations=6 (full 0):
 garbage-first heap   total reserved 524288K, committed 61440K, used 20886K [0x00000007e0000000, 0x0000000800000000)
  region size 1024K, 3 young (3072K), 3 survivors (3072K)
 Metaspace       used 35773K, committed 36096K, reserved 1114112K
  class space    used 3837K, committed 3968K, reserved 1048576K
}
Event: 1.602 GC heap before
{Heap before GC invocations=7 (full 0):
 garbage-first heap   total reserved 524288K, committed 61440K, used 47510K [0x00000007e0000000, 0x0000000800000000)
  region size 1024K, 30 young (30720K), 3 survivors (3072K)
 Metaspace       used 42007K, committed 42432K, reserved 1114112K
  class space    used 4526K, committed 4736K, reserved 1048576K
}
Event: 1.604 GC heap after
{Heap after GC invocations=8 (full 0):
 garbage-first heap   total reserved 524288K, committed 61440K, used 23652K [0x00000007e0000000, 0x0000000800000000)
  region size 1024K, 4 young (4096K), 4 survivors (4096K)
 Metaspace       used 42007K, committed 42432K, reserved 1114112K
  class space    used 4526K, committed 4736K, reserved 1048576K
}
Event: 11.039 GC heap before
{Heap before GC invocations=8 (full 0):
 garbage-first heap   total reserved 524288K, committed 118784K, used 116836K [0x00000007e0000000, 0x0000000800000000)
  region size 1024K, 26 young (26624K), 4 survivors (4096K)
 Metaspace       used 43837K, committed 44224K, reserved 1114112K
  class space    used 4746K, committed 4928K, reserved 1048576K
}
Event: 11.041 GC heap after
{Heap after GC invocations=9 (full 0):
 garbage-first heap   total reserved 524288K, committed 124928K, used 29764K [0x00000007e0000000, 0x0000000800000000)
  region size 1024K, 2 young (2048K), 2 survivors (2048K)
 Metaspace       used 43837K, committed 44224K, reserved 1114112K
  class space    used 4746K, committed 4928K, reserved 1048576K
}
Event: 12.531 GC heap before
{Heap before GC invocations=9 (full 0):
 garbage-first heap   total reserved 524288K, committed 124928K, used 103492K [0x00000007e0000000, 0x0000000800000000)
  region size 1024K, 49 young (50176K), 2 survivors (2048K)
 Metaspace       used 47537K, committed 47936K, reserved 1114112K
  class space    used 5109K, committed 5248K, reserved 1048576K
}
Event: 12.532 GC heap after
{Heap after GC invocations=10 (full 0):
 garbage-first heap   total reserved 524288K, committed 124928K, used 33807K [0x00000007e0000000, 0x0000000800000000)
  region size 1024K, 8 young (8192K), 8 survivors (8192K)
 Metaspace       used 47537K, committed 47936K, reserved 1114112K
  class space    used 5109K, committed 5248K, reserved 1048576K
}

Dll operation events (9 events):
Event: 0.004 Loaded shared library /Users/neijr/Library/Java/JavaVirtualMachines/temurin-24.0.2/Contents/Home/lib/libjava.dylib
Event: 0.004 Loaded shared library /Users/neijr/Library/Java/JavaVirtualMachines/temurin-24.0.2/Contents/Home/lib/libzip.dylib
Event: 0.036 Loaded shared library /Users/neijr/Library/Java/JavaVirtualMachines/temurin-24.0.2/Contents/Home/lib/libinstrument.dylib
Event: 0.043 Loaded shared library /Users/neijr/Library/Java/JavaVirtualMachines/temurin-24.0.2/Contents/Home/lib/libnio.dylib
Event: 0.045 Loaded shared library /Users/neijr/Library/Java/JavaVirtualMachines/temurin-24.0.2/Contents/Home/lib/libnet.dylib
Event: 0.047 Loaded shared library /Users/neijr/Library/Java/JavaVirtualMachines/temurin-24.0.2/Contents/Home/lib/libzip.dylib
Event: 0.086 Loaded shared library /Users/neijr/Library/Java/JavaVirtualMachines/temurin-24.0.2/Contents/Home/lib/libjimage.dylib
Event: 0.227 Loaded shared library /Users/neijr/Library/Java/JavaVirtualMachines/temurin-24.0.2/Contents/Home/lib/libextnet.dylib
Event: 0.247 Loaded shared library /Users/neijr/Library/Java/JavaVirtualMachines/temurin-24.0.2/Contents/Home/lib/libverify.dylib

Deoptimization events (20 events):
Event: 40.940 Thread 0x0000000b6a1be800 DEOPT PACKING pc=0x0000000114ef9be4 sp=0x000000016fb83120
Event: 40.940 Thread 0x0000000b6a1be800 DEOPT UNPACKING pc=0x000000011c075ebc sp=0x000000016fb82e20 mode 1
Event: 40.940 Thread 0x0000000b6a1be800 DEOPT PACKING pc=0x00000001152829bc sp=0x000000016fb831d0
Event: 40.940 Thread 0x0000000b6a1be800 DEOPT UNPACKING pc=0x000000011c075ebc sp=0x000000016fb82ef0 mode 1
Event: 40.940 Thread 0x0000000b6a1be800 DEOPT PACKING pc=0x0000000114ef9be4 sp=0x000000016fb83120
Event: 40.940 Thread 0x0000000b6a1be800 DEOPT UNPACKING pc=0x000000011c075ebc sp=0x000000016fb82e20 mode 1
Event: 40.940 Thread 0x0000000b6a1be800 DEOPT PACKING pc=0x00000001152829bc sp=0x000000016fb831d0
Event: 40.940 Thread 0x0000000b6a1be800 DEOPT UNPACKING pc=0x000000011c075ebc sp=0x000000016fb82ef0 mode 1
Event: 40.940 Thread 0x0000000b6a1be800 DEOPT PACKING pc=0x0000000114ef9be4 sp=0x000000016fb83120
Event: 40.940 Thread 0x0000000b6a1be800 DEOPT UNPACKING pc=0x000000011c075ebc sp=0x000000016fb82e20 mode 1
Event: 40.940 Thread 0x0000000b6a1be800 DEOPT PACKING pc=0x00000001152829bc sp=0x000000016fb831d0
Event: 40.940 Thread 0x0000000b6a1be800 DEOPT UNPACKING pc=0x000000011c075ebc sp=0x000000016fb82ef0 mode 1
Event: 40.940 Thread 0x0000000b6a1be800 DEOPT PACKING pc=0x0000000114ef9be4 sp=0x000000016fb83120
Event: 40.940 Thread 0x0000000b6a1be800 DEOPT UNPACKING pc=0x000000011c075ebc sp=0x000000016fb82e20 mode 1
Event: 40.940 Thread 0x0000000b6a1be800 DEOPT PACKING pc=0x00000001152829bc sp=0x000000016fb831d0
Event: 40.940 Thread 0x0000000b6a1be800 DEOPT UNPACKING pc=0x000000011c075ebc sp=0x000000016fb82ef0 mode 1
Event: 40.940 Thread 0x0000000b6a1be800 DEOPT PACKING pc=0x0000000114ef9be4 sp=0x000000016fb83120
Event: 40.940 Thread 0x0000000b6a1be800 DEOPT UNPACKING pc=0x000000011c075ebc sp=0x000000016fb82e20 mode 1
Event: 40.940 Thread 0x0000000b6a1be800 DEOPT PACKING pc=0x00000001152829bc sp=0x000000016fb831d0
Event: 40.940 Thread 0x0000000b6a1be800 DEOPT UNPACKING pc=0x000000011c075ebc sp=0x000000016fb82ef0 mode 1

Classes loaded (20 events):
Event: 40.936 Loading class io/cucumber/core/runner/StackManipulation done
Event: 40.936 Loading class io/cucumber/core/backend/Located
Event: 40.936 Loading class io/cucumber/core/backend/Located done
Event: 40.936 Loading class io/cucumber/core/backend/Located
Event: 40.936 Loading class io/cucumber/core/backend/Located done
Event: 40.936 Loading class io/cucumber/core/exception/UnrecoverableExceptions
Event: 40.936 Loading class io/cucumber/core/exception/UnrecoverableExceptions done
Event: 40.936 Loading class io/cucumber/core/backend/Pending
Event: 40.936 Loading class io/cucumber/core/backend/Pending done
Event: 40.936 Loading class org/jspecify/annotations/NullMarked
Event: 40.936 Loading class org/jspecify/annotations/NullMarked done
Event: 40.937 Loading class org/junit/AssumptionViolatedException
Event: 40.937 Loading class org/junit/AssumptionViolatedException done
Event: 40.937 Loading class org/junit/internal/AssumptionViolatedException
Event: 40.937 Loading class org/junit/internal/AssumptionViolatedException done
Event: 40.937 Loading class org/testng/SkipException
Event: 40.937 Loading class org/testng/SkipException done
Event: 40.937 Loading class io/cucumber/core/runner/UndefinedStepDefinitionException
Event: 40.937 Loading class io/cucumber/core/runner/UndefinedStepDefinitionException done
Event: 40.943 Loading class com/intellij/rt/debugger/agent/CaptureStorage$9

Classes unloaded (0 events):
No events

Classes redefined (2 events):
Event: 0.055 Thread 0x0000000b68c9a400 redefined class name=java.lang.Throwable, count=1
Event: 0.060 Thread 0x0000000b68c9a400 redefined class name=java.io.FileOutputStream, count=1

Internal exceptions (20 events):
Event: 40.885 Thread 0x0000000b6a724800 Exception <a 'java/net/ConnectException'{0x00000007e5f02990}> (0x00000007e5f02990) 
thrown [src/hotspot/share/prims/jni.cpp, line 518]
Event: 40.886 Thread 0x0000000b6a724800 Exception <a 'java/net/ConnectException'{0x00000007e5f03518}> (0x00000007e5f03518) 
thrown [src/hotspot/share/prims/jni.cpp, line 518]
Event: 40.890 Thread 0x0000000b6a724800 Exception <a 'java/net/ConnectException'{0x00000007e5f040a0}> (0x00000007e5f040a0) 
thrown [src/hotspot/share/prims/jni.cpp, line 518]
Event: 40.890 Thread 0x0000000b6a724800 Exception <a 'java/net/ConnectException'{0x00000007e5f04d38}> (0x00000007e5f04d38) 
thrown [src/hotspot/share/prims/jni.cpp, line 518]
Event: 40.893 Thread 0x0000000b6a724800 Exception <a 'java/net/ConnectException'{0x00000007e5f059d0}> (0x00000007e5f059d0) 
thrown [src/hotspot/share/prims/jni.cpp, line 518]
Event: 40.893 Thread 0x0000000b6a724800 Exception <a 'java/net/ConnectException'{0x00000007e5f06668}> (0x00000007e5f06668) 
thrown [src/hotspot/share/prims/jni.cpp, line 518]
Event: 40.927 Thread 0x0000000b6a724800 Exception <a 'java/net/ConnectException'{0x00000007e5f07410}> (0x00000007e5f07410) 
thrown [src/hotspot/share/prims/jni.cpp, line 518]
Event: 40.928 Thread 0x0000000b6a724800 Exception <a 'java/net/ConnectException'{0x00000007e5f081b8}> (0x00000007e5f081b8) 
thrown [src/hotspot/share/prims/jni.cpp, line 518]
Event: 40.932 Thread 0x0000000b6a724800 Exception <a 'java/net/ConnectException'{0x00000007e5f08f60}> (0x00000007e5f08f60) 
thrown [src/hotspot/share/prims/jni.cpp, line 518]
Event: 40.932 Thread 0x0000000b6a724800 Exception <a 'java/net/ConnectException'{0x00000007e5f09d08}> (0x00000007e5f09d08) 
thrown [src/hotspot/share/prims/jni.cpp, line 518]
Event: 40.933 Thread 0x0000000b6a724800 Exception <a 'java/net/ConnectException'{0x00000007e5f0aab0}> (0x00000007e5f0aab0) 
thrown [src/hotspot/share/prims/jni.cpp, line 518]
Event: 40.933 Thread 0x0000000b6a724800 Exception <a 'java/net/ConnectException'{0x00000007e5f0b858}> (0x00000007e5f0b858) 
thrown [src/hotspot/share/prims/jni.cpp, line 518]
Event: 40.934 Thread 0x0000000b6a724800 Exception <a 'java/net/ConnectException'{0x00000007e5f0c600}> (0x00000007e5f0c600) 
thrown [src/hotspot/share/prims/jni.cpp, line 518]
Event: 40.934 Thread 0x0000000b6a724800 Exception <a 'java/net/ConnectException'{0x00000007e5f0d298}> (0x00000007e5f0d298) 
thrown [src/hotspot/share/prims/jni.cpp, line 518]
Event: 40.935 Thread 0x0000000b6a724800 Exception <a 'java/net/ConnectException'{0x00000007e5f0e040}> (0x00000007e5f0e040) 
thrown [src/hotspot/share/prims/jni.cpp, line 518]
Event: 40.935 Thread 0x0000000b6a724800 Exception <a 'java/net/ConnectException'{0x00000007e5f0ecd8}> (0x00000007e5f0ecd8) 
thrown [src/hotspot/share/prims/jni.cpp, line 518]
Event: 40.941 Thread 0x0000000b6a724800 Exception <a 'java/net/ConnectException'{0x00000007e5f0fa80}> (0x00000007e5f0fa80) 
thrown [src/hotspot/share/prims/jni.cpp, line 518]
Event: 40.941 Thread 0x0000000b6a724800 Exception <a 'java/net/ConnectException'{0x00000007e5f10868}> (0x00000007e5f10868) 
thrown [src/hotspot/share/prims/jni.cpp, line 518]
Event: 40.942 Thread 0x0000000b6a724800 Exception <a 'java/net/ConnectException'{0x00000007e5f11610}> (0x00000007e5f11610) 
thrown [src/hotspot/share/prims/jni.cpp, line 518]
Event: 40.942 Thread 0x0000000b6a724800 Exception <a 'java/net/ConnectException'{0x00000007e5f123b8}> (0x00000007e5f123b8) 
thrown [src/hotspot/share/prims/jni.cpp, line 518]

VM Operations (20 events):
Event: 40.853 Executing VM operation: ChangeBreakpoints
Event: 40.853 Executing VM operation: ChangeBreakpoints done
Event: 40.853 Executing VM operation: ChangeBreakpoints
Event: 40.853 Executing VM operation: ChangeBreakpoints done
Event: 40.853 Executing VM operation: ChangeBreakpoints
Event: 40.853 Executing VM operation: ChangeBreakpoints done
Event: 40.853 Executing VM operation: ChangeBreakpoints
Event: 40.853 Executing VM operation: ChangeBreakpoints done
Event: 40.854 Executing VM operation: ChangeBreakpoints
Event: 40.854 Executing VM operation: ChangeBreakpoints done
Event: 40.854 Executing VM operation: ChangeBreakpoints
Event: 40.854 Executing VM operation: ChangeBreakpoints done
Event: 40.854 Executing VM operation: ChangeBreakpoints
Event: 40.854 Executing VM operation: ChangeBreakpoints done
Event: 40.854 Executing VM operation: ChangeBreakpoints
Event: 40.854 Executing VM operation: ChangeBreakpoints done
Event: 40.854 Executing VM operation: ChangeBreakpoints
Event: 40.854 Executing VM operation: ChangeBreakpoints done
Event: 40.879 Executing VM operation: HandshakeAllThreads (Deoptimize)
Event: 40.879 Executing VM operation: HandshakeAllThreads (Deoptimize) done

Memory protections (20 events):
Event: 1.613 Protecting memory [0x0000000171048000,0x0000000171054000] with protection modes 0
Event: 1.613 Protecting memory [0x0000000171254000,0x0000000171260000] with protection modes 0
Event: 1.613 Protecting memory [0x0000000171460000,0x000000017146c000] with protection modes 0
Event: 1.614 Protecting memory [0x000000017166c000,0x0000000171678000] with protection modes 0
Event: 1.614 Protecting memory [0x0000000171878000,0x0000000171884000] with protection modes 0
Event: 1.617 Protecting memory [0x0000000171a84000,0x0000000171a90000] with protection modes 0
Event: 10.268 Protecting memory [0x0000000171c90000,0x0000000171c9c000] with protection modes 0
Event: 11.095 Protecting memory [0x0000000170400000,0x000000017040c000] with protection modes 3
Event: 40.854 Protecting memory [0x000000016d4ac000,0x000000016d4b8000] with protection modes 3
Event: 40.859 Protecting memory [0x000000016d094000,0x000000016d0a0000] with protection modes 3
Event: 40.875 Protecting memory [0x000000016d094000,0x000000016d0a0000] with protection modes 0
Event: 40.877 Protecting memory [0x000000016d4ac000,0x000000016d4b8000] with protection modes 0
Event: 40.877 Protecting memory [0x0000000170400000,0x000000017040c000] with protection modes 0
Event: 40.877 Protecting memory [0x0000000170400000,0x000000017040c000] with protection modes 3
Event: 40.878 Protecting memory [0x0000000171e9c000,0x0000000171ea8000] with protection modes 0
Event: 40.878 Protecting memory [0x0000000171e9c000,0x0000000171ea8000] with protection modes 3
Event: 40.878 Protecting memory [0x00000001720a8000,0x00000001720b4000] with protection modes 0
Event: 40.878 Protecting memory [0x00000001720a8000,0x00000001720b4000] with protection modes 3
Event: 40.885 Protecting memory [0x0000000170400000,0x000000017040c000] with protection modes 0
Event: 40.891 Protecting memory [0x000000016fbd0000,0x000000016fbdc000] with protection modes 3

Nmethod flushes (20 events):
Event: 1.013 Thread 0x0000000b68c9a400 flushing  nmethod 0x0000000114bd58c8
Event: 1.013 Thread 0x0000000b68c9a400 flushing  nmethod 0x0000000114bd8b48
Event: 1.013 Thread 0x0000000b68c9a400 flushing  nmethod 0x0000000114c034c8
Event: 1.013 Thread 0x0000000b68c9a400 flushing  nmethod 0x0000000114c07f48
Event: 1.013 Thread 0x0000000b68c9a400 flushing  nmethod 0x0000000114c48308
Event: 1.013 Thread 0x0000000b68c9a400 flushing  nmethod 0x0000000114c487c8
Event: 1.013 Thread 0x0000000b68c9a400 flushing  nmethod 0x0000000114c49e88
Event: 1.013 Thread 0x0000000b68c9a400 flushing  nmethod 0x0000000114c4b308
Event: 1.013 Thread 0x0000000b68c9a400 flushing  nmethod 0x0000000114c591c8
Event: 1.013 Thread 0x0000000b68c9a400 flushing  nmethod 0x0000000114cb2408
Event: 1.013 Thread 0x0000000b68c9a400 flushing  nmethod 0x0000000114d23488
Event: 1.013 Thread 0x0000000b68c9a400 flushing  nmethod 0x0000000114d239c8
Event: 1.013 Thread 0x0000000b68c9a400 flushing  nmethod 0x0000000114d256c8
Event: 1.013 Thread 0x0000000b68c9a400 flushing  nmethod 0x0000000114d9b788
Event: 1.013 Thread 0x0000000b68c9a400 flushing  nmethod 0x0000000114dbb248
Event: 1.013 Thread 0x0000000b68c9a400 flushing  nmethod 0x0000000114dbbb08
Event: 1.013 Thread 0x0000000b68c9a400 flushing  nmethod 0x0000000114dc4e48
Event: 1.013 Thread 0x0000000b68c9a400 flushing  nmethod 0x0000000114dee4c8
Event: 1.013 Thread 0x0000000b68c9a400 flushing  nmethod 0x0000000114e1b708
Event: 1.013 Thread 0x0000000b68c9a400 flushing  nmethod 0x0000000114e56e48

Events (20 events):
Event: 1.613 Thread 0x0000000b6a1be800 Thread added: 0x0000000b6a7fd000
Event: 1.613 Thread 0x0000000b6a1be800 Thread added: 0x0000000b6a858800
Event: 1.613 Thread 0x0000000b6a7fd000 Thread added: 0x0000000b6a864000
Event: 1.614 Thread 0x0000000b6a7fd000 Thread added: 0x0000000b6a864800
Event: 1.614 Thread 0x0000000b6a7fd000 Thread added: 0x0000000b6a865000
Event: 1.617 Thread 0x0000000b6a865000 Thread added: 0x0000000b6a865800
Event: 10.268 Thread 0x0000000b6a1be800 Thread added: 0x0000000b6a866800
Event: 11.095 Thread 0x0000000b6a7e5000 Thread exited: 0x0000000b6a7e5000
Event: 40.854 Thread 0x0000000b691aa000 Thread exited: 0x0000000b691aa000
Event: 40.859 Thread 0x0000000b691a9000 Thread exited: 0x0000000b691a9000
Event: 40.875 Thread 0x0000000b69191000 Thread added: 0x0000000b6ab37800
Event: 40.877 Thread 0x0000000b6ab37800 Thread added: 0x0000000b691a9000
Event: 40.877 Thread 0x0000000b6ab37800 Thread added: 0x0000000b691aa000
Event: 40.877 Thread 0x0000000b6ab37800 Thread added: 0x0000000b6ab01800
Event: 40.878 Thread 0x0000000b6ab37800 Thread added: 0x0000000b6ab44000
Event: 40.878 Thread 0x0000000b691aa000 Thread exited: 0x0000000b691aa000
Event: 40.878 Thread 0x0000000b6ab01800 Thread exited: 0x0000000b6ab01800
Event: 40.878 Thread 0x0000000b6ab44000 Thread exited: 0x0000000b6ab44000
Event: 40.885 Thread 0x0000000b69192800 Thread added: 0x0000000b6ab01800
Event: 40.891 Thread 0x0000000b6a726000 Thread exited: 0x0000000b6a726000


Dynamic libraries:
0x0000000105010000 	/Users/neijr/Library/Java/JavaVirtualMachines/temurin-24.0.2/Contents/Home/lib/libjli.dylib
0x00000001a2bb4000 	/System/Library/Frameworks/ApplicationServices.framework/Versions/A/ApplicationServices
0x000000018cca4000 	/System/Library/Frameworks/CoreGraphics.framework/Versions/A/CoreGraphics
0x0000000188e22000 	/System/Library/Frameworks/CoreText.framework/Versions/A/CoreText
0x000000019303b000 	/System/Library/Frameworks/ImageIO.framework/Versions/A/ImageIO
0x000000018d3fa000 	/System/Library/Frameworks/ColorSync.framework/Versions/A/ColorSync
0x0000000199f96000 	/System/Library/Frameworks/ApplicationServices.framework/Versions/A/Frameworks/ATS.framework/Versions/A/ATS
0x000000019e4da000 	/System/Library/Frameworks/CoreServices.framework/Versions/A/CoreServices
0x000000018d5a2000 	/System/Library/Frameworks/ApplicationServices.framework/Versions/A/Frameworks/HIServices.framework/Versions/A/HIServices
0x0000000198664000 	/System/Library/Frameworks/ApplicationServices.framework/Versions/A/Frameworks/PrintCore.framework/Versions/A/PrintCore
0x000000019a34f000 	/System/Library/Frameworks/ApplicationServices.framework/Versions/A/Frameworks/QD.framework/Versions/A/QD
0x000000019a34a000 	/System/Library/Frameworks/ApplicationServices.framework/Versions/A/Frameworks/ColorSyncLegacy.framework/Versions/A/ColorSyncLegacy
0x0000000199f68000 	/System/Library/Frameworks/ApplicationServices.framework/Versions/A/Frameworks/SpeechSynthesis.framework/Versions/A/SpeechSynthesis
0x0000000195d56000 	/usr/lib/libSystem.B.dylib
0x000000018c6ed000 	/System/Library/PrivateFrameworks/SkyLight.framework/Versions/A/SkyLight
0x000000018dde4000 	/System/Library/PrivateFrameworks/ProtocolBuffer.framework/Versions/A/ProtocolBuffer
0x0000000195d5a000 	/System/Library/PrivateFrameworks/SoftLinking.framework/Versions/A/SoftLinking
0x0000000189c02000 	/usr/lib/libicucore.A.dylib
0x000000018fa91000 	/System/Library/PrivateFrameworks/CoreAnalytics.framework/Versions/A/CoreAnalytics
0x0000000192a16000 	/System/Library/PrivateFrameworks/FontServices.framework/libFontParser.dylib
0x000000019e759000 	/System/Library/Frameworks/Accelerate.framework/Versions/A/Accelerate
0x0000000192548000 	/System/Library/Frameworks/IOSurface.framework/Versions/A/IOSurface
0x00000001907d4000 	/usr/lib/libxml2.2.dylib
0x000000018c25e000 	/System/Library/Frameworks/CFNetwork.framework/Versions/A/CFNetwork
0x0000000185f3b000 	/System/Library/Frameworks/CoreFoundation.framework/Versions/A/CoreFoundation
0x00000001877aa000 	/System/Library/Frameworks/Foundation.framework/Versions/C/Foundation
0x0000000195ca0000 	/usr/lib/libz.1.dylib
0x0000000185a88000 	/usr/lib/libobjc.A.dylib
0x0000000185e0b000 	/usr/lib/libc++.1.dylib
0x00000001897e2000 	/System/Library/Frameworks/Security.framework/Versions/A/Security
0x000000023f07b000 	/System/Library/PrivateFrameworks/CollectionsInternal.framework/Versions/A/CollectionsInternal
0x000000019964b000 	/usr/lib/swift/libswiftCore.dylib
0x00000001b3914000 	/usr/lib/swift/libswiftCoreFoundation.dylib
0x00000001a0251000 	/usr/lib/swift/libswiftDispatch.dylib
0x00000001b3975000 	/usr/lib/swift/libswiftIOKit.dylib
0x00000001a322b000 	/usr/lib/swift/libswiftObjectiveC.dylib
0x00000001b3927000 	/usr/lib/swift/libswiftXPC.dylib
0x000000028b60a000 	/usr/lib/swift/libswift_Builtin_float.dylib
0x000000023bd37000 	/System/Library/PrivateFrameworks/BiomeLibrary.framework/Versions/A/BiomeLibrary
0x000000018e086000 	/System/Library/PrivateFrameworks/BaseBoard.framework/Versions/A/BaseBoard
0x00000001a05b2000 	/System/Library/PrivateFrameworks/BoardServices.framework/Versions/A/BoardServices
0x00000001a2481000 	/System/Library/PrivateFrameworks/BackBoardServices.framework/Versions/A/BackBoardServices
0x000000023bc3c000 	/System/Library/PrivateFrameworks/BackBoardHIDEventFoundation.framework/Versions/A/BackBoardHIDEventFoundation
0x00000001908bb000 	/System/Library/Frameworks/CoreVideo.framework/Versions/A/CoreVideo
0x000000018fac1000 	/usr/lib/libDiagnosticMessagesClient.dylib
0x000000018893e000 	/System/Library/Frameworks/CoreDisplay.framework/Versions/A/CoreDisplay
0x0000000194fa9000 	/usr/lib/libbsm.0.dylib
0x0000000197fbd000 	/System/Library/Frameworks/VideoToolbox.framework/Versions/A/VideoToolbox
0x0000000195ff9000 	/System/Library/Frameworks/MetalPerformanceShaders.framework/Versions/A/MetalPerformanceShaders
0x0000000194c58000 	/System/Library/PrivateFrameworks/IOMobileFramebuffer.framework/Versions/A/IOMobileFramebuffer
0x0000000269fcb000 	/System/Library/PrivateFrameworks/ProDisplayLibrary.framework/Versions/A/ProDisplayLibrary
0x00000001a62b6000 	/System/Library/PrivateFrameworks/IOSurfaceAccelerator.framework/Versions/A/IOSurfaceAccelerator
0x000000018e178000 	/System/Library/PrivateFrameworks/RunningBoardServices.framework/Versions/A/RunningBoardServices
0x0000000187419000 	/System/Library/Frameworks/SystemConfiguration.framework/Versions/A/SystemConfiguration
0x0000000192570000 	/System/Library/Frameworks/Metal.framework/Versions/A/Metal
0x0000000192565000 	/System/Library/PrivateFrameworks/IOAccelerator.framework/Versions/A/IOAccelerator
0x0000000192874000 	/System/Library/Frameworks/CoreMedia.framework/Versions/A/CoreMedia
0x000000018c6c9000 	/System/Library/PrivateFrameworks/TCC.framework/Versions/A/TCC
0x000000018c631000 	/usr/lib/libMobileGestalt.dylib
0x0000000197f75000 	/System/Library/PrivateFrameworks/WatchdogClient.framework/Versions/A/WatchdogClient
0x000000018ffeb000 	/System/Library/Frameworks/QuartzCore.framework/Versions/A/QuartzCore
0x000000018a25a000 	/System/Library/Frameworks/IOKit.framework/Versions/A/IOKit
0x0000000196001000 	/usr/lib/libcompression.dylib
0x0000000197f77000 	/System/Library/PrivateFrameworks/MultitouchSupport.framework/Versions/A/MultitouchSupport
0x00000001cb7b8000 	/usr/lib/swift/libswiftAccelerate.dylib
0x00000001b38f4000 	/usr/lib/swift/libswiftCoreAudio.dylib
0x00000001cf949000 	/usr/lib/swift/libswiftCoreMedia.dylib
0x00000001c18ea000 	/usr/lib/swift/libswiftMetal.dylib
0x00000001d10fc000 	/usr/lib/swift/libswiftOSLog.dylib
0x00000001c6d10000 	/usr/lib/swift/libswiftQuartzCore.dylib
0x00000001cb7a8000 	/usr/lib/swift/libswiftUniformTypeIdentifiers.dylib
0x000000028b5f2000 	/usr/lib/swift/libswiftVideoToolbox.dylib
0x00000001a322f000 	/usr/lib/swift/libswiftos.dylib
0x00000001b746e000 	/usr/lib/swift/libswiftsimd.dylib
0x00000001c295d000 	/System/Library/PrivateFrameworks/BiomeStreams.framework/Versions/A/BiomeStreams
0x00000001c8c6b000 	/System/Library/PrivateFrameworks/BiomeStorage.framework/Versions/A/BiomeStorage
0x00000001be9ac000 	/System/Library/PrivateFrameworks/BiomeFoundation.framework/Versions/A/BiomeFoundation
0x000000025847c000 	/System/Library/PrivateFrameworks/IntelligencePlatformLibrary.framework/Versions/A/IntelligencePlatformLibrary
0x000000018de00000 	/usr/lib/libsqlite3.dylib
0x0000000268d8f000 	/System/Library/PrivateFrameworks/PoirotSchematizer.framework/Versions/A/PoirotSchematizer
0x000000023c5f2000 	/System/Library/PrivateFrameworks/BiomeSync.framework/Versions/A/BiomeSync
0x000000023bd1d000 	/System/Library/PrivateFrameworks/BiomeDSL.framework/Versions/A/BiomeDSL
0x00000001c8c0a000 	/System/Library/PrivateFrameworks/BiomePubSub.framework/Versions/A/BiomePubSub
0x00000001b37d4000 	/System/Library/PrivateFrameworks/LoggingSupport.framework/Versions/A/LoggingSupport
0x00000001a4196000 	/System/Library/PrivateFrameworks/ProactiveSupport.framework/Versions/A/ProactiveSupport
0x00000001e1dc5000 	/System/Library/PrivateFrameworks/FeatureFlags.framework/Versions/A/FeatureFlags
0x00000001d9bba000 	/System/Library/PrivateFrameworks/InternalSwiftProtobuf.framework/Versions/A/InternalSwiftProtobuf
0x0000000268dfd000 	/System/Library/PrivateFrameworks/PoirotUDFs.framework/Versions/A/PoirotUDFs
0x000000028b73b000 	/usr/lib/swift/libswift_StringProcessing.dylib
0x0000000195d50000 	/usr/lib/system/libcache.dylib
0x0000000195d0b000 	/usr/lib/system/libcommonCrypto.dylib
0x0000000195d36000 	/usr/lib/system/libcompiler_rt.dylib
0x0000000195d2b000 	/usr/lib/system/libcopyfile.dylib
0x0000000185c3e000 	/usr/lib/system/libcorecrypto.dylib
0x0000000185d3e000 	/usr/lib/system/libdispatch.dylib
0x0000000185adb000 	/usr/lib/system/libdyld.dylib
0x0000000195d46000 	/usr/lib/system/libkeymgr.dylib
0x0000000195cee000 	/usr/lib/system/libmacho.dylib
0x0000000194f81000 	/usr/lib/system/libquarantine.dylib
0x0000000195d43000 	/usr/lib/system/libremovefile.dylib
0x000000018c6b1000 	/usr/lib/system/libsystem_asl.dylib
0x0000000185bc4000 	/usr/lib/system/libsystem_blocks.dylib
0x0000000185d89000 	/usr/lib/system/libsystem_c.dylib
0x0000000195d3a000 	/usr/lib/system/libsystem_collections.dylib
0x0000000193921000 	/usr/lib/system/libsystem_configuration.dylib
0x000000019250f000 	/usr/lib/system/libsystem_containermanager.dylib
0x0000000195720000 	/usr/lib/system/libsystem_coreservices.dylib
0x0000000189ed8000 	/usr/lib/system/libsystem_darwin.dylib
0x000000028b92c000 	/usr/lib/system/libsystem_darwindirectory.dylib
0x0000000195d47000 	/usr/lib/system/libsystem_dnssd.dylib
0x000000028b930000 	/usr/lib/system/libsystem_eligibility.dylib
0x0000000185d86000 	/usr/lib/system/libsystem_featureflags.dylib
0x0000000185f0b000 	/usr/lib/system/libsystem_info.dylib
0x0000000195caf000 	/usr/lib/system/libsystem_m.dylib
0x0000000185ced000 	/usr/lib/system/libsystem_malloc.dylib
0x000000018c614000 	/usr/lib/system/libsystem_networkextension.dylib
0x000000018a343000 	/usr/lib/system/libsystem_notify.dylib
0x0000000193926000 	/usr/lib/system/libsystem_sandbox.dylib
0x000000028b93b000 	/usr/lib/system/libsystem_sanitizers.dylib
0x0000000195d3f000 	/usr/lib/system/libsystem_secinit.dylib
0x0000000185eb7000 	/usr/lib/system/libsystem_kernel.dylib
0x0000000185f02000 	/usr/lib/system/libsystem_platform.dylib
0x0000000185ef5000 	/usr/lib/system/libsystem_pthread.dylib
0x000000018e26a000 	/usr/lib/system/libsystem_symptoms.dylib
0x0000000185c1d000 	/usr/lib/system/libsystem_trace.dylib
0x000000028b943000 	/usr/lib/system/libsystem_trial.dylib
0x0000000195d19000 	/usr/lib/system/libunwind.dylib
0x0000000185bc8000 	/usr/lib/system/libxpc.dylib
0x0000000185e9c000 	/usr/lib/libc++abi.dylib
0x0000000289d19000 	/usr/lib/libRosetta.dylib
0x000000028b195000 	/usr/lib/libswiftPrespecialized.dylib
0x000000019078b000 	/System/Library/PrivateFrameworks/CoreAutoLayout.framework/Versions/A/CoreAutoLayout
0x0000000195d58000 	/usr/lib/libfakelink.dylib
0x000000018fbbc000 	/System/Library/Frameworks/DiskArbitration.framework/Versions/A/DiskArbitration
0x0000000195dab000 	/usr/lib/libarchive.2.dylib
0x0000000193934000 	/usr/lib/liblangid.dylib
0x000000019c14c000 	/System/Library/Frameworks/Combine.framework/Versions/A/Combine
0x000000026b0c1000 	/System/Library/PrivateFrameworks/ReflectionInternal.framework/Versions/A/ReflectionInternal
0x000000026c015000 	/System/Library/PrivateFrameworks/RuntimeInternal.framework/Versions/A/RuntimeInternal
0x00000001b06d7000 	/usr/lib/swift/libswiftDarwin.dylib
0x000000028b5d8000 	/usr/lib/swift/libswiftSystem.dylib
0x000000028b60b000 	/usr/lib/swift/libswift_Concurrency.dylib
0x000000028b697000 	/usr/lib/swift/libswift_DarwinFoundation1.dylib
0x000000018a1da000 	/System/Library/PrivateFrameworks/CoreServicesInternal.framework/Versions/A/CoreServicesInternal
0x0000000195d23000 	/usr/lib/liboah.dylib
0x00000001a265f000 	/System/Library/PrivateFrameworks/DiskImages.framework/Versions/A/DiskImages
0x00000001b017b000 	/System/Library/Frameworks/NetFS.framework/Versions/A/NetFS
0x0000000190750000 	/System/Library/Frameworks/CoreServices.framework/Versions/A/Frameworks/FSEvents.framework/Versions/A/FSEvents
0x0000000189ee2000 	/System/Library/Frameworks/CoreServices.framework/Versions/A/Frameworks/CarbonCore.framework/Versions/A/CarbonCore
0x000000018fb30000 	/System/Library/Frameworks/CoreServices.framework/Versions/A/Frameworks/Metadata.framework/Versions/A/Metadata
0x0000000195727000 	/System/Library/Frameworks/CoreServices.framework/Versions/A/Frameworks/OSServices.framework/Versions/A/OSServices
0x0000000195ea3000 	/System/Library/Frameworks/CoreServices.framework/Versions/A/Frameworks/SearchKit.framework/Versions/A/SearchKit
0x000000018e1e4000 	/System/Library/Frameworks/CoreServices.framework/Versions/A/Frameworks/AE.framework/Versions/A/AE
0x000000018649a000 	/System/Library/Frameworks/CoreServices.framework/Versions/A/Frameworks/LaunchServices.framework/Versions/A/LaunchServices
0x00000001972ac000 	/System/Library/Frameworks/CoreServices.framework/Versions/A/Frameworks/DictionaryServices.framework/Versions/A/DictionaryServices
0x000000019075d000 	/System/Library/Frameworks/CoreServices.framework/Versions/A/Frameworks/SharedFileList.framework/Versions/A/SharedFileList
0x0000000195f36000 	/usr/lib/libapple_nghttp2.dylib
0x000000018dfe9000 	/System/Library/Frameworks/Accounts.framework/Versions/A/Accounts
0x00000001a28a1000 	/System/Library/PrivateFrameworks/AppSupport.framework/Versions/A/AppSupport
0x00000001b26c6000 	/System/Library/Frameworks/AVFoundation.framework/Versions/A/AVFoundation
0x000000019a386000 	/System/Library/Frameworks/GSS.framework/Versions/A/GSS
0x000000019876e000 	/System/Library/PrivateFrameworks/InternationalSupport.framework/Versions/A/InternationalSupport
0x00000001a31b3000 	/System/Library/PrivateFrameworks/StreamingZip.framework/Versions/A/StreamingZip
0x000000018c62f000 	/usr/lib/libenergytrace.dylib
0x000000018e273000 	/System/Library/Frameworks/Network.framework/Versions/A/Network
0x0000000195cf2000 	/usr/lib/system/libkxld.dylib
0x000000023a64d000 	/System/Library/PrivateFrameworks/AppleKeyStore.framework/Versions/A/AppleKeyStore
0x0000000289a1b000 	/usr/lib/libCoreEntitlements.dylib
0x000000025f78d000 	/System/Library/PrivateFrameworks/MessageSecurity.framework/Versions/A/MessageSecurity
0x000000019f660000 	/System/Library/PrivateFrameworks/SymptomDiagnosticReporter.framework/Versions/A/SymptomDiagnosticReporter
0x00000001974f1000 	/System/Library/PrivateFrameworks/CrashReporterSupport.framework/Versions/A/CrashReporterSupport
0x0000000195707000 	/System/Library/PrivateFrameworks/AppleFSCompression.framework/Versions/A/AppleFSCompression
0x0000000194f91000 	/usr/lib/libcoretls.dylib
0x0000000197322000 	/usr/lib/libcoretls_cfhelpers.dylib
0x0000000195ffb000 	/usr/lib/libpam.2.dylib
0x0000000197398000 	/usr/lib/libxar.1.dylib
0x0000000197324000 	/System/Library/PrivateFrameworks/APFS.framework/Versions/A/APFS
0x000000027779b000 	/System/Library/PrivateFrameworks/SwiftASN1Internal.framework/Versions/A/SwiftASN1Internal
0x00000001973a7000 	/usr/lib/libutil.dylib
0x000000019392f000 	/System/Library/PrivateFrameworks/AppleSystemInfo.framework/Versions/A/AppleSystemInfo
0x00000001a1fbf000 	/System/Library/PrivateFrameworks/CoreWiFi.framework/Versions/A/CoreWiFi
0x000000019a3e9000 	/System/Library/PrivateFrameworks/MobileAsset.framework/Versions/A/MobileAsset
0x000000019f670000 	/System/Library/PrivateFrameworks/PowerLog.framework/Versions/A/PowerLog
0x00000001a0b32000 	/System/Library/PrivateFrameworks/Rapport.framework/Versions/A/Rapport
0x00000002331f6000 	/System/Library/Frameworks/SwiftData.framework/Versions/A/SwiftData
0x000000018bc92000 	/System/Library/Frameworks/UniformTypeIdentifiers.framework/Versions/A/UniformTypeIdentifiers
0x000000019097d000 	/System/Library/PrivateFrameworks/UserManagement.framework/Versions/A/UserManagement
0x000000018c185000 	/usr/lib/libboringssl.dylib
0x000000018e258000 	/usr/lib/libdns_services.dylib
0x00000001b27fa000 	/usr/lib/libquic.dylib
0x00000001995dc000 	/usr/lib/libusrtcp.dylib
0x000000023b507000 	/System/Library/PrivateFrameworks/AtomicsInternal.framework/Versions/A/AtomicsInternal
0x000000028b45f000 	/usr/lib/swift/libswiftDistributed.dylib
0x000000028b488000 	/usr/lib/swift/libswiftObservation.dylib
0x000000028b5c4000 	/usr/lib/swift/libswiftSynchronization.dylib
0x000000019392d000 	/System/Library/PrivateFrameworks/AggregateDictionary.framework/Versions/A/AggregateDictionary
0x000000018d9f6000 	/System/Library/Frameworks/CoreData.framework/Versions/A/CoreData
0x0000000235254000 	/System/Library/Frameworks/_LocationEssentials.framework/Versions/A/_LocationEssentials
0x0000000197303000 	/usr/lib/liblzma.5.dylib
0x0000000194e8a000 	/System/Library/PrivateFrameworks/MobileKeyBag.framework/Versions/A/MobileKeyBag
0x00000001a2bb5000 	/System/Library/PrivateFrameworks/InternationalTextSearch.framework/Versions/A/InternationalTextSearch
0x00000001bae7f000 	/System/Library/PrivateFrameworks/SoftwareUpdateCoreSupport.framework/Versions/A/SoftwareUpdateCoreSupport
0x00000001c33fc000 	/System/Library/PrivateFrameworks/SoftwareUpdateCoreConnect.framework/Versions/A/SoftwareUpdateCoreConnect
0x00000001a2759000 	/System/Library/PrivateFrameworks/RemoteServiceDiscovery.framework/Versions/A/RemoteServiceDiscovery
0x00000001baa56000 	/System/Library/PrivateFrameworks/MSUDataAccessor.framework/Versions/A/MSUDataAccessor
0x00000001b59a7000 	/usr/lib/libbootpolicy.dylib
0x00000001a2770000 	/System/Library/PrivateFrameworks/RemoteXPC.framework/Versions/A/RemoteXPC
0x00000001c2831000 	/usr/lib/libFDR.dylib
0x00000001c880c000 	/usr/lib/libamsupport.dylib
0x0000000289d11000 	/usr/lib/libReverseProxyDevice.dylib
0x0000000239ebb000 	/System/Library/PrivateFrameworks/AppleDeviceQuerySupport.framework/Versions/A/AppleDeviceQuerySupport
0x00000001cb9d6000 	/usr/lib/libpartition2_dynamic.dylib
0x0000000195f12000 	/System/Library/PrivateFrameworks/AppleSauce.framework/Versions/A/AppleSauce
0x00000002898c6000 	/usr/lib/libAppleArchive.dylib
0x0000000195713000 	/usr/lib/libbz2.1.0.dylib
0x000000018fbc6000 	/System/Library/Frameworks/Accelerate.framework/Versions/A/Frameworks/vImage.framework/Versions/A/vImage
0x000000019e4b5000 	/System/Library/Frameworks/Accelerate.framework/Versions/A/Frameworks/vecLib.framework/Versions/A/vecLib
0x00000001973de000 	/System/Library/Frameworks/Accelerate.framework/Versions/A/Frameworks/vecLib.framework/Versions/A/libvMisc.dylib
0x000000018699e000 	/System/Library/Frameworks/Accelerate.framework/Versions/A/Frameworks/vecLib.framework/Versions/A/libBLAS.dylib
0x000000022bc49000 	/System/Library/Frameworks/OpenGL.framework/Versions/A/OpenGL
0x000000024e0cc000 	/System/Library/PrivateFrameworks/GPUCompiler.framework/Versions/32023/Libraries/libllvm-flatbuffers.dylib
0x0000000248b2b000 	/System/Library/PrivateFrameworks/FramePacing.framework/Versions/A/FramePacing
0x000000022bc3b000 	/System/Library/Frameworks/OpenGL.framework/Versions/A/Libraries/libCoreFSCache.dylib
0x0000000249c59000 	/System/Library/PrivateFrameworks/GPUCompiler.framework/Versions/32023/Libraries/libGPUCompilerUtils.dylib
0x000000022bc9a000 	/System/Library/Frameworks/OpenGL.framework/Versions/A/Libraries/libGLU.dylib
0x000000022bc5d000 	/System/Library/Frameworks/OpenGL.framework/Versions/A/Libraries/libGFXShared.dylib
0x000000022be2a000 	/System/Library/Frameworks/OpenGL.framework/Versions/A/Libraries/libGL.dylib
0x000000022bc66000 	/System/Library/Frameworks/OpenGL.framework/Versions/A/Libraries/libGLImage.dylib
0x000000022bc5a000 	/System/Library/Frameworks/OpenGL.framework/Versions/A/Libraries/libCVMSPluginSupport.dylib
0x000000022bc43000 	/System/Library/Frameworks/OpenGL.framework/Versions/A/Libraries/libCoreVMClient.dylib
0x0000000194ae6000 	/System/Library/Frameworks/Accelerate.framework/Versions/A/Frameworks/vecLib.framework/Versions/A/libvDSP.dylib
0x00000001960db000 	/System/Library/Frameworks/Accelerate.framework/Versions/A/Frameworks/vecLib.framework/Versions/A/libLAPACK.dylib
0x000000019501d000 	/System/Library/Frameworks/Accelerate.framework/Versions/A/Frameworks/vecLib.framework/Versions/A/libLinearAlgebra.dylib
0x0000000195f4f000 	/System/Library/Frameworks/Accelerate.framework/Versions/A/Frameworks/vecLib.framework/Versions/A/libSparseBLAS.dylib
0x00000001960d6000 	/System/Library/Frameworks/Accelerate.framework/Versions/A/Frameworks/vecLib.framework/Versions/A/libQuadrature.dylib
0x0000000193a5d000 	/System/Library/Frameworks/Accelerate.framework/Versions/A/Frameworks/vecLib.framework/Versions/A/libBNNS.dylib
0x00000001872a9000 	/System/Library/Frameworks/Accelerate.framework/Versions/A/Frameworks/vecLib.framework/Versions/A/libSparse.dylib
0x000000025a52c000 	/System/Library/PrivateFrameworks/MIL.framework/Versions/A/MIL
0x00000001c5854000 	/System/Library/PrivateFrameworks/OSAnalytics.framework/Versions/A/OSAnalytics
0x0000000246791000 	/System/Library/PrivateFrameworks/DeviceRecovery.framework/Versions/A/DeviceRecovery
0x00000001a09cb000 	/System/Library/PrivateFrameworks/CoreSymbolication.framework/Versions/A/CoreSymbolication
0x00000001d5212000 	/System/Library/PrivateFrameworks/Symbolication.framework/Versions/A/Symbolication
0x00000001a09a9000 	/System/Library/PrivateFrameworks/DebugSymbols.framework/Versions/A/DebugSymbols
0x00000001b3863000 	/System/Library/PrivateFrameworks/MallocStackLogging.framework/Versions/A/MallocStackLogging
0x000000028b69c000 	/usr/lib/swift/libswift_RegexParser.dylib
0x000000019c240000 	/System/Library/PrivateFrameworks/GeoServices.framework/Versions/A/GeoServices
0x0000000199c67000 	/System/Library/PrivateFrameworks/LocationSupport.framework/Versions/A/LocationSupport
0x000000019f555000 	/System/Library/Frameworks/CoreBluetooth.framework/Versions/A/CoreBluetooth
0x0000000251c86000 	/System/Library/PrivateFrameworks/GeoServicesCore.framework/Versions/A/GeoServicesCore
0x00000001ac48a000 	/System/Library/PrivateFrameworks/PhoneNumbers.framework/Versions/A/PhoneNumbers
0x000000019a560000 	/System/Library/PrivateFrameworks/CorePhoneNumbers.framework/Versions/A/CorePhoneNumbers
0x0000000195d90000 	/usr/lib/libiconv.2.dylib
0x0000000195ced000 	/usr/lib/libcharset.1.dylib
0x000000022dcc6000 	/System/Library/Frameworks/ExtensionFoundation.framework/Versions/A/ExtensionFoundation
0x00000001979cc000 	/System/Library/PrivateFrameworks/AppServerSupport.framework/Versions/A/AppServerSupport
0x00000002647ff000 	/System/Library/PrivateFrameworks/OSEligibility.framework/Versions/A/OSEligibility
0x00000001977ce000 	/System/Library/PrivateFrameworks/IconServices.framework/Versions/A/IconServices
0x000000022f0ad000 	/System/Library/Frameworks/LightweightCodeRequirements.framework/Versions/A/LightweightCodeRequirements
0x0000000197648000 	/System/Library/PrivateFrameworks/PlugInKit.framework/Versions/A/PlugInKit
0x0000000194ea2000 	/System/Library/PrivateFrameworks/AssertionServices.framework/Versions/A/AssertionServices
0x0000000197d6f000 	/System/Library/PrivateFrameworks/AppleJPEG.framework/Versions/A/AppleJPEG
0x0000000197748000 	/usr/lib/libexpat.1.dylib
0x000000019853a000 	/System/Library/Frameworks/ImageIO.framework/Versions/A/Resources/libPng.dylib
0x0000000198565000 	/System/Library/Frameworks/ImageIO.framework/Versions/A/Resources/libTIFF.dylib
0x000000019864d000 	/System/Library/Frameworks/ImageIO.framework/Versions/A/Resources/libGIF.dylib
0x0000000197db4000 	/System/Library/Frameworks/ImageIO.framework/Versions/A/Resources/libJP2.dylib
0x0000000197458000 	/usr/lib/libate.dylib
0x00000001985f4000 	/System/Library/Frameworks/ImageIO.framework/Versions/A/Resources/libJPEG.dylib
0x00000001985eb000 	/System/Library/Frameworks/ImageIO.framework/Versions/A/Resources/libRadiance.dylib
0x000000028b69a000 	/usr/lib/swift/libswift_DarwinFoundation2.dylib
0x000000028b69b000 	/usr/lib/swift/libswift_DarwinFoundation3.dylib
0x000000019776d000 	/System/Library/PrivateFrameworks/IconFoundation.framework/Versions/A/IconFoundation
0x0000000255008000 	/System/Library/PrivateFrameworks/IconRendering.framework/Versions/A/IconRendering
0x0000000190452000 	/System/Library/PrivateFrameworks/CoreUI.framework/Versions/A/CoreUI
0x000000019337c000 	/System/Library/Frameworks/CoreImage.framework/Versions/A/CoreImage
0x000000026c1fa000 	/System/Library/PrivateFrameworks/SFSymbols.framework/Versions/A/SFSymbols
0x000000022db7c000 	/System/Library/Frameworks/DeveloperToolsSupport.framework/Versions/A/DeveloperToolsSupport
0x00000001aa852000 	/System/Library/PrivateFrameworks/RenderBox.framework/Versions/A/RenderBox
0x0000000192ffd000 	/System/Library/PrivateFrameworks/CoreSVG.framework/Versions/A/CoreSVG
0x00000001986d7000 	/System/Library/PrivateFrameworks/TextureIO.framework/Versions/A/TextureIO
0x00000001b3974000 	/usr/lib/swift/libswiftCoreImage.dylib
0x000000019797c000 	/System/Library/PrivateFrameworks/GraphVisualizer.framework/Versions/A/GraphVisualizer
0x0000000248a36000 	/System/Library/PrivateFrameworks/FontServices.framework/Versions/A/FontServices
0x000000019798c000 	/System/Library/PrivateFrameworks/OTSVG.framework/Versions/A/OTSVG
0x0000000190401000 	/System/Library/Frameworks/ApplicationServices.framework/Versions/A/Frameworks/ATS.framework/Versions/A/Resources/libFontRegistry.dylib
0x000000028a7eb000 	/usr/lib/libhvf.dylib
0x000000026548c000 	/System/Library/PrivateFrameworks/ParsingInternal.framework/Versions/A/ParsingInternal
0x0000000248a3a000 	/System/Library/PrivateFrameworks/FontServices.framework/libXTFontStaticRegistryData.dylib
0x0000000193867000 	/System/Library/Frameworks/MetalPerformanceShaders.framework/Versions/A/Frameworks/MPSCore.framework/Versions/A/MPSCore
0x0000000195672000 	/System/Library/Frameworks/MetalPerformanceShaders.framework/Versions/A/Frameworks/MPSImage.framework/Versions/A/MPSImage
0x0000000195031000 	/System/Library/Frameworks/MetalPerformanceShaders.framework/Versions/A/Frameworks/MPSNeuralNetwork.framework/Versions/A/MPSNeuralNetwork
0x0000000195470000 	/System/Library/Frameworks/MetalPerformanceShaders.framework/Versions/A/Frameworks/MPSMatrix.framework/Versions/A/MPSMatrix
0x0000000195288000 	/System/Library/Frameworks/MetalPerformanceShaders.framework/Versions/A/Frameworks/MPSRayIntersector.framework/Versions/A/MPSRayIntersector
0x00000001954a2000 	/System/Library/Frameworks/MetalPerformanceShaders.framework/Versions/A/Frameworks/MPSNDArray.framework/Versions/A/MPSNDArray
0x000000022ff32000 	/System/Library/Frameworks/MetalPerformanceShaders.framework/Versions/A/Frameworks/MPSFunctions.framework/Versions/A/MPSFunctions
0x000000022ff13000 	/System/Library/Frameworks/MetalPerformanceShaders.framework/Versions/A/Frameworks/MPSBenchmarkLoop.framework/Versions/A/MPSBenchmarkLoop
0x000000022ff46000 	/System/Library/Frameworks/MetalPerformanceShaders.framework/Versions/A/Frameworks/MPSHost.framework/Versions/A/MPSHost
0x00000001867b5000 	/System/Library/PrivateFrameworks/MetalTools.framework/Versions/A/MetalTools
0x00000001b8b95000 	/System/Library/PrivateFrameworks/IOAccelMemoryInfo.framework/Versions/A/IOAccelMemoryInfo
0x00000001c7103000 	/System/Library/PrivateFrameworks/kperf.framework/Versions/A/kperf
0x00000001b38f0000 	/System/Library/PrivateFrameworks/GPURawCounter.framework/Versions/A/GPURawCounter
0x00000001a4321000 	/System/Library/PrivateFrameworks/ASEProcessing.framework/Versions/A/ASEProcessing
0x000000026893d000 	/System/Library/PrivateFrameworks/PhotosensitivityProcessing.framework/Versions/A/PhotosensitivityProcessing
0x000000026c280000 	/System/Library/PrivateFrameworks/SILManager.framework/Versions/A/SILManager
0x000000027aed9000 	/System/Library/PrivateFrameworks/Tightbeam.framework/Versions/A/Tightbeam
0x00000001c18f8000 	/usr/lib/swift/libswiftCompression.dylib
0x00000001cbf45000 	/System/Library/PrivateFrameworks/AFKUser.framework/Versions/A/AFKUser
0x000000019861f000 	/System/Library/Frameworks/ApplicationServices.framework/Versions/A/Frameworks/ATSUI.framework/Versions/A/ATSUI
0x0000000199cf7000 	/System/Library/Frameworks/AudioToolbox.framework/Versions/A/AudioToolbox
0x0000000195ae4000 	/System/Library/Frameworks/UserNotifications.framework/Versions/A/UserNotifications
0x00000001b932c000 	/System/Library/PrivateFrameworks/SiriInstrumentation.framework/Versions/A/SiriInstrumentation
0x000000026e710000 	/System/Library/PrivateFrameworks/SiriAnalytics.framework/Versions/A/SiriAnalytics
0x00000001b6a8b000 	/System/Library/PrivateFrameworks/FeedbackLogger.framework/Versions/A/FeedbackLogger
0x00000001d1395000 	/usr/lib/swift/libswiftAVFoundation.dylib
0x000000027d702000 	/System/Library/PrivateFrameworks/UnifiedAssetFramework.framework/Versions/A/UnifiedAssetFramework
0x0000000188a5f000 	/System/Library/PrivateFrameworks/AudioToolboxCore.framework/Versions/A/AudioToolboxCore
0x0000000199ecd000 	/System/Library/PrivateFrameworks/AudioSession.framework/Versions/A/AudioSession
0x00000001a55a5000 	/System/Library/Frameworks/CoreMIDI.framework/Versions/A/CoreMIDI
0x0000000199f4e000 	/usr/lib/libAudioStatistics.dylib
0x000000019284a000 	/System/Library/PrivateFrameworks/caulk.framework/Versions/A/caulk
0x000000018904c000 	/System/Library/Frameworks/CoreAudio.framework/Versions/A/CoreAudio
0x0000000198514000 	/usr/lib/libAudioToolboxUtility.dylib
0x00000001ba265000 	/usr/lib/swift/libswiftCoreMIDI.dylib
0x000000019a358000 	/System/Library/PrivateFrameworks/perfdata.framework/Versions/A/perfdata
0x00000001b28ef000 	/System/Library/PrivateFrameworks/SystemPolicy.framework/Versions/A/SystemPolicy
0x000000019a1fc000 	/usr/lib/libSMC.dylib
0x000000019a366000 	/usr/lib/libperfcheck.dylib
0x000000023b5d6000 	/System/Library/PrivateFrameworks/AudioAnalytics.framework/Versions/A/AudioAnalytics
0x00000001d98a6000 	/System/Library/Frameworks/OSLog.framework/Versions/A/OSLog
0x00000001b3895000 	/usr/lib/libmis.dylib
0x00000001a0b27000 	/System/Library/PrivateFrameworks/CoreTime.framework/Versions/A/CoreTime
0x000000019788d000 	/System/Library/PrivateFrameworks/MediaExperience.framework/Versions/A/MediaExperience
0x0000000199ca1000 	/System/Library/PrivateFrameworks/AudioSession.framework/libSessionUtility.dylib
0x0000000198653000 	/System/Library/PrivateFrameworks/CMCaptureCore.framework/Versions/A/CMCaptureCore
0x00000001979d9000 	/usr/lib/libspindump.dylib
0x0000000194d15000 	/System/Library/PrivateFrameworks/CoreUtils.framework/Versions/A/CoreUtils
0x00000001ab586000 	/System/Library/PrivateFrameworks/HID.framework/Versions/A/HID
0x0000000245682000 	/System/Library/PrivateFrameworks/CoreUtilsExtras.framework/Versions/A/CoreUtilsExtras
0x0000000254f5d000 	/System/Library/PrivateFrameworks/IO80211.framework/Versions/A/IO80211
0x000000019be98000 	/System/Library/Frameworks/IOBluetooth.framework/Versions/A/IOBluetooth
0x000000028b4a7000 	/usr/lib/swift/libswiftRegexBuilder.dylib
0x00000001974e8000 	/usr/lib/libIOReport.dylib
0x00000001e1e4a000 	/System/Library/PrivateFrameworks/WiFiPeerToPeer.framework/Versions/A/WiFiPeerToPeer
0x0000000194eb1000 	/System/Library/Frameworks/SecurityFoundation.framework/Versions/A/SecurityFoundation
0x000000023dcdc000 	/System/Library/PrivateFrameworks/Centauri.framework/Versions/A/Centauri
0x0000000187199000 	/System/Library/PrivateFrameworks/Lexicon.framework/Versions/A/Lexicon
0x000000028ac3b000 	/usr/lib/libmrc.dylib
0x0000000254fc8000 	/System/Library/PrivateFrameworks/IPConfiguration.framework/Versions/A/IPConfiguration
0x00000001d59e9000 	/System/Library/PrivateFrameworks/Netrb.framework/Versions/A/Netrb
0x00000001a04d8000 	/System/Library/PrivateFrameworks/FrontBoardServices.framework/Versions/A/FrontBoardServices
0x000000019501a000 	/usr/lib/libgermantok.dylib
0x0000000193a56000 	/System/Library/PrivateFrameworks/LinguisticData.framework/Versions/A/LinguisticData
0x00000001a067f000 	/System/Library/PrivateFrameworks/GraphicsServices.framework/Versions/A/GraphicsServices
0x000000019f75e000 	/System/Library/PrivateFrameworks/MediaKit.framework/Versions/A/MediaKit
0x000000019f6ac000 	/System/Library/Frameworks/DiscRecording.framework/Versions/A/DiscRecording
0x0000000197763000 	/usr/lib/libheimdal-asn1.dylib
0x00000001a3189000 	/System/Library/Frameworks/AudioUnit.framework/Versions/A/AudioUnit
0x0000000190718000 	/System/Library/Frameworks/OpenDirectory.framework/Versions/A/OpenDirectory
0x0000000190726000 	/System/Library/Frameworks/OpenDirectory.framework/Versions/A/Frameworks/CFOpenDirectory.framework/Versions/A/CFOpenDirectory
0x000000022c1b6000 	/System/Library/Frameworks/AVFAudio.framework/Versions/A/AVFAudio
0x000000022c2fa000 	/System/Library/Frameworks/AVRouting.framework/Versions/A/AVRouting
0x00000001ac5a2000 	/usr/lib/libAccessibility.dylib
0x0000000258df8000 	/System/Library/PrivateFrameworks/IsolatedCoreAudioClient.framework/Versions/A/IsolatedCoreAudioClient
0x0000000241476000 	/System/Library/PrivateFrameworks/CoreAudioOrchestration.framework/Versions/A/CoreAudioOrchestration
0x0000000198b3b000 	/System/Library/Frameworks/MediaToolbox.framework/Versions/A/MediaToolbox
0x000000019f884000 	/System/Library/PrivateFrameworks/CoreAVCHD.framework/Versions/A/CoreAVCHD
0x000000019e7a8000 	/System/Library/Frameworks/MediaAccessibility.framework/Versions/A/MediaAccessibility
0x000000019f880000 	/System/Library/PrivateFrameworks/Mangrove.framework/Versions/A/Mangrove
0x000000023d318000 	/System/Library/PrivateFrameworks/CMPhoto.framework/Versions/A/CMPhoto
0x00000001a004d000 	/System/Library/Frameworks/CoreTelephony.framework/Versions/A/CoreTelephony
0x000000019f873000 	/System/Library/PrivateFrameworks/CoreAUC.framework/Versions/A/CoreAUC
0x000000023a47e000 	/System/Library/PrivateFrameworks/AppleJPEGXL.framework/Versions/A/AppleJPEGXL
0x000000027f651000 	/System/Library/PrivateFrameworks/VideoToolboxParavirtualizationSupport.framework/Versions/A/VideoToolboxParavirtualizationSupport
0x00000001976ff000 	/System/Library/PrivateFrameworks/AppleVA.framework/Versions/A/AppleVA
0x000000019a570000 	/usr/lib/libTelephonyUtilDynamic.dylib
0x00000001985e6000 	/System/Library/PrivateFrameworks/GPUWrangler.framework/Versions/A/GPUWrangler
0x00000001985c6000 	/System/Library/PrivateFrameworks/IOPresentment.framework/Versions/A/IOPresentment
0x00000001985ee000 	/System/Library/PrivateFrameworks/DSExternalDisplay.framework/Versions/A/DSExternalDisplay
0x00000001dc9c7000 	/System/Library/Frameworks/CryptoKit.framework/Versions/A/CryptoKit
0x00000001a3184000 	/System/Library/PrivateFrameworks/CryptoKitCBridging.framework/Versions/A/CryptoKitCBridging
0x00000001a0691000 	/System/Library/Frameworks/CryptoTokenKit.framework/Versions/A/CryptoTokenKit
0x0000000246201000 	/System/Library/PrivateFrameworks/Dendrite.framework/Versions/A/Dendrite
0x00000001b3494000 	/System/Library/Frameworks/NaturalLanguage.framework/Versions/A/NaturalLanguage
0x0000000251989000 	/System/Library/PrivateFrameworks/GenerativeModels.framework/Versions/A/GenerativeModels
0x00000001e1dd1000 	/usr/lib/swift/libswiftNaturalLanguage.dylib
0x000000023aff5000 	/System/Library/PrivateFrameworks/AppleMobileFileIntegrity.framework/Versions/A/AppleMobileFileIntegrity
0x0000000289d89000 	/usr/lib/libTLE.dylib
0x00000001eb519000 	/System/Library/PrivateFrameworks/ConfigProfileHelper.framework/Versions/A/ConfigProfileHelper
0x00000001a3313000 	/System/Library/PrivateFrameworks/Espresso.framework/Versions/A/Espresso
0x0000000190ea8000 	/System/Library/Frameworks/CoreML.framework/Versions/A/CoreML
0x00000001dfc7d000 	/usr/lib/libedit.3.dylib
0x0000000228fc4000 	/System/Library/PrivateFrameworks/ANECompiler.framework/Versions/A/ANECompiler
0x00000001a53e9000 	/System/Library/PrivateFrameworks/AppleNeuralEngine.framework/Versions/A/AppleNeuralEngine
0x000000022ff4c000 	/System/Library/Frameworks/MetalPerformanceShadersGraph.framework/Versions/A/MetalPerformanceShadersGraph
0x000000025ac9b000 	/System/Library/PrivateFrameworks/MLCompilerServices.framework/Versions/A/MLCompilerServices
0x00000001a4165000 	/System/Library/PrivateFrameworks/ANEServices.framework/Versions/A/ANEServices
0x00000001b8b58000 	/usr/lib/libncurses.5.4.dylib
0x000000018a356000 	/usr/lib/libsandbox.1.dylib
0x0000000197689000 	/usr/lib/libMatch.1.dylib
0x0000000264581000 	/System/Library/PrivateFrameworks/ODIE.framework/Versions/A/ODIE
0x000000025d928000 	/System/Library/PrivateFrameworks/MLModelAsset.framework/Versions/A/MLModelAsset
0x000000025ac41000 	/System/Library/PrivateFrameworks/MLCompilerRuntime.framework/Versions/A/MLCompilerRuntime
0x00000001952dd000 	/System/Library/Frameworks/MLCompute.framework/Versions/A/MLCompute
0x000000025abc3000 	/System/Library/PrivateFrameworks/MLAssetIO.framework/Versions/A/MLAssetIO
0x000000028b479000 	/usr/lib/swift/libswiftMLCompute.dylib
0x00000001a0268000 	/System/Library/PrivateFrameworks/AVFCore.framework/Versions/A/AVFCore
0x00000001a9ea3000 	/System/Library/PrivateFrameworks/AVFCapture.framework/Versions/A/AVFCapture
0x000000023d10f000 	/System/Library/PrivateFrameworks/CMImaging.framework/Versions/A/CMImaging
0x00000001aa0e5000 	/System/Library/PrivateFrameworks/Quagga.framework/Versions/A/Quagga
0x00000001aa216000 	/System/Library/PrivateFrameworks/CMCapture.framework/Versions/A/CMCapture
0x000000019a0f9000 	/System/Library/Frameworks/CoreMediaIO.framework/Versions/A/CoreMediaIO
0x000000023d04a000 	/System/Library/PrivateFrameworks/CMCaptureDevice.framework/Versions/A/CMCaptureDevice
0x0000000197ac5000 	/System/Library/PrivateFrameworks/CoreBrightness.framework/Versions/A/CoreBrightness
0x000000023e1d3000 	/System/Library/PrivateFrameworks/CinematicFraming.framework/Versions/A/CinematicFraming
0x0000000260a65000 	/System/Library/PrivateFrameworks/ModelManagerServices.framework/Versions/A/ModelManagerServices
0x00000001ce3fd000 	/System/Library/PrivateFrameworks/CPMS.framework/Versions/A/CPMS
0x0000000278609000 	/System/Library/PrivateFrameworks/SystemStatus.framework/Versions/A/SystemStatus
0x00000001b22c4000 	/System/Library/Frameworks/CoreMotion.framework/Versions/A/CoreMotion
0x00000001c28dc000 	/System/Library/PrivateFrameworks/TimeSync.framework/Versions/A/TimeSync
0x0000000246bc9000 	/System/Library/PrivateFrameworks/DistributedSensing.framework/Versions/A/DistributedSensing
0x00000001bdcbb000 	/System/Library/PrivateFrameworks/MobileBluetooth.framework/Versions/A/MobileBluetooth
0x00000001c45a0000 	/System/Library/PrivateFrameworks/IOKitten.framework/Versions/A/IOKitten
0x000000025a40e000 	/System/Library/PrivateFrameworks/LocationLogEncryption.framework/Versions/A/LocationLogEncryption
0x000000023a2f8000 	/System/Library/PrivateFrameworks/AppleIntelligenceReporting.framework/Versions/A/AppleIntelligenceReporting
0x000000023dc28000 	/System/Library/PrivateFrameworks/CascadeSets.framework/Versions/A/CascadeSets
0x0000000194c24000 	/System/Library/PrivateFrameworks/CoreEmoji.framework/Versions/A/CoreEmoji
0x00000001874ad000 	/usr/lib/libCRFSuite.dylib
0x000000018878e000 	/System/Library/PrivateFrameworks/LanguageModeling.framework/Versions/A/LanguageModeling
0x0000000193936000 	/System/Library/PrivateFrameworks/CoreNLP.framework/Versions/A/CoreNLP
0x000000018d70b000 	/System/Library/PrivateFrameworks/Montreal.framework/Versions/A/Montreal
0x0000000195d98000 	/usr/lib/libcmph.dylib
0x0000000194fbb000 	/usr/lib/libmecab.dylib
0x0000000195f09000 	/usr/lib/libThaiTokenizer.dylib
0x0000000251a6b000 	/System/Library/PrivateFrameworks/GenerativeModelsFoundation.framework/Versions/A/GenerativeModelsFoundation
0x000000027b3de000 	/System/Library/PrivateFrameworks/TokenGeneration.framework/Versions/A/TokenGeneration
0x000000025183f000 	/System/Library/PrivateFrameworks/GenerativeFunctions.framework/Versions/A/GenerativeFunctions
0x000000025188d000 	/System/Library/PrivateFrameworks/GenerativeFunctionsFoundation.framework/Versions/A/GenerativeFunctionsFoundation
0x0000000260726000 	/System/Library/PrivateFrameworks/ModelCatalog.framework/Versions/A/ModelCatalog
0x000000026d92a000 	/System/Library/PrivateFrameworks/SensitiveContentAnalysisML.framework/Versions/A/SensitiveContentAnalysisML
0x0000000251923000 	/System/Library/PrivateFrameworks/GenerativeFunctionsInstrumentation.framework/Versions/A/GenerativeFunctionsInstrumentation
0x000000026a753000 	/System/Library/PrivateFrameworks/PromptKit.framework/Versions/A/PromptKit
0x000000026a169000 	/System/Library/PrivateFrameworks/ProactiveDaemonSupport.framework/Versions/A/ProactiveDaemonSupport
0x000000027b616000 	/System/Library/PrivateFrameworks/TokenGenerationCore.framework/Versions/A/TokenGenerationCore
0x00000001b4363000 	/System/Library/PrivateFrameworks/Trial.framework/Versions/A/Trial
0x00000001b42e4000 	/System/Library/PrivateFrameworks/TrialProto.framework/Versions/A/TrialProto
0x0000000239f22000 	/System/Library/PrivateFrameworks/AppleFlatBuffers.framework/Versions/A/AppleFlatBuffers
0x000000026dbfa000 	/System/Library/PrivateFrameworks/SentencePieceInternal.framework/Versions/A/SentencePieceInternal
0x000000019e802000 	/System/Library/Frameworks/Vision.framework/Versions/A/Vision
0x0000000245320000 	/System/Library/PrivateFrameworks/CoreSceneUnderstanding.framework/Versions/A/CoreSceneUnderstanding
0x0000000280267000 	/System/Library/PrivateFrameworks/VisionCore.framework/Versions/A/VisionCore
0x0000000198a78000 	/System/Library/PrivateFrameworks/DataDetectorsCore.framework/Versions/A/DataDetectorsCore
0x00000001bcc49000 	/System/Library/Frameworks/Vision.framework/libfaceCore.dylib
0x00000001bd763000 	/System/Library/PrivateFrameworks/Futhark.framework/Versions/A/Futhark
0x00000001c16b1000 	/System/Library/PrivateFrameworks/InertiaCam.framework/Versions/A/InertiaCam
0x00000001bd4f0000 	/System/Library/PrivateFrameworks/TextRecognition.framework/Versions/A/TextRecognition
0x000000022db65000 	/System/Library/Frameworks/DataDetection.framework/Versions/A/DataDetection
0x00000001b76fc000 	/System/Library/PrivateFrameworks/TextInput.framework/Versions/A/TextInput
0x0000000197526000 	/System/Library/PrivateFrameworks/CVNLP.framework/Versions/A/CVNLP
0x000000022d64a000 	/System/Library/Frameworks/CoreTransferable.framework/Versions/A/CoreTransferable
0x000000019a33c000 	/System/Library/PrivateFrameworks/NetAuth.framework/Versions/A/NetAuth
0x000000019093c000 	/System/Library/PrivateFrameworks/login.framework/Versions/A/Frameworks/loginsupport.framework/Versions/A/loginsupport
0x000000018bad9000 	/System/Library/PrivateFrameworks/UIFoundation.framework/Versions/A/UIFoundation
0x00000001979e0000 	/System/Library/PrivateFrameworks/Heimdal.framework/Versions/A/Heimdal
0x0000000199fe4000 	/usr/lib/libresolv.9.dylib
0x000000019a3d8000 	/System/Library/PrivateFrameworks/CommonAuth.framework/Versions/A/CommonAuth
0x0000000194f85000 	/usr/lib/libCheckFix.dylib
0x000000018fac3000 	/System/Library/PrivateFrameworks/MetadataUtilities.framework/Versions/A/MetadataUtilities
0x0000000255a4f000 	/System/Library/PrivateFrameworks/InstalledContentLibrary.framework/Versions/A/InstalledContentLibrary
0x000000018a21a000 	/System/Library/PrivateFrameworks/CoreServicesStore.framework/Versions/A/CoreServicesStore
0x0000000190787000 	/usr/lib/libapp_launch_measurement.dylib
0x00000001c721a000 	/System/Library/PrivateFrameworks/MobileSystemServices.framework/Versions/A/MobileSystemServices
0x00000001973ab000 	/usr/lib/libxslt.1.dylib
0x0000000194f44000 	/System/Library/PrivateFrameworks/BackgroundTaskManagement.framework/Versions/A/BackgroundTaskManagement
0x00000001a281a000 	/usr/lib/libcurl.4.dylib
0x000000028a59f000 	/usr/lib/libcrypto.46.dylib
0x000000028b122000 	/usr/lib/libssl.48.dylib
0x00000001a24f4000 	/System/Library/Frameworks/LDAP.framework/Versions/A/LDAP
0x000000019a374000 	/System/Library/Frameworks/Kerberos.framework/Versions/A/Kerberos
0x00000001a2530000 	/System/Library/PrivateFrameworks/TrustEvaluationAgent.framework/Versions/A/TrustEvaluationAgent
0x000000019a001000 	/usr/lib/libsasl2.2.dylib
0x00000001a3188000 	/System/Library/Frameworks/Kerberos.framework/Versions/A/Libraries/libHeimdalProxy.dylib
0x0000000268d52000 	/System/Library/PrivateFrameworks/PoirotSQLite.framework/Versions/A/PoirotSQLite
0x00000001d9d91000 	/System/Library/PrivateFrameworks/HIDDisplay.framework/Versions/A/HIDDisplay
0x000000019a2dd000 	/usr/lib/libcups.2.dylib
0x00000001ac496000 	/System/Library/PrivateFrameworks/AXCoreUtilities.framework/Versions/A/AXCoreUtilities
0x00000001bca92000 	/System/Library/PrivateFrameworks/AttributeGraph.framework/Versions/A/AttributeGraph
0x0000000289889000 	/usr/lib/libAXSafeCategoryBundle.dylib
0x00000002342da000 	/System/Library/Frameworks/TabularData.framework/Versions/A/TabularData
0x000000023b1a5000 	/System/Library/PrivateFrameworks/ArgumentParserInternal.framework/Versions/A/ArgumentParserInternal
0x00000001a5798000 	/System/Library/Frameworks/Cocoa.framework/Versions/A/Cocoa
0x000000018a3b5000 	/System/Library/Frameworks/AppKit.framework/Versions/C/AppKit
0x000000023f056000 	/System/Library/PrivateFrameworks/CollectionViewCore.framework/Versions/A/CollectionViewCore
0x0000000192ff7000 	/System/Library/PrivateFrameworks/XCTTargetBootstrap.framework/Versions/A/XCTTargetBootstrap
0x0000000198aca000 	/System/Library/PrivateFrameworks/UserActivity.framework/Versions/A/UserActivity
0x0000000248b38000 	/System/Library/PrivateFrameworks/FrontBoard.framework/Versions/A/FrontBoard
0x000000027d027000 	/System/Library/PrivateFrameworks/UIIntelligenceSupport.framework/Versions/A/UIIntelligenceSupport
0x0000000233363000 	/System/Library/Frameworks/SwiftUICore.framework/Versions/A/SwiftUICore
0x0000000283bd3000 	/System/Library/PrivateFrameworks/WritingTools.framework/Versions/A/WritingTools
0x00000002829ca000 	/System/Library/PrivateFrameworks/WindowManagement.framework/Versions/A/WindowManagement
0x0000000248868000 	/System/Library/PrivateFrameworks/FocusEngine.framework/Versions/A/FocusEngine
0x0000000246271000 	/System/Library/PrivateFrameworks/DesignLibrary.framework/Versions/A/DesignLibrary
0x0000000192fe2000 	/System/Library/PrivateFrameworks/DFRFoundation.framework/Versions/A/DFRFoundation
0x000000027df74000 	/System/Library/PrivateFrameworks/UpdateCycle.framework/Versions/A/UpdateCycle
0x0000000192ce6000 	/System/Library/Frameworks/Carbon.framework/Versions/A/Frameworks/HIToolbox.framework/Versions/A/HIToolbox
0x000000019e0c8000 	/System/Library/Frameworks/Carbon.framework/Versions/A/Frameworks/SpeechRecognition.framework/Versions/A/SpeechRecognition
0x000000019070e000 	/System/Library/PrivateFrameworks/PerformanceAnalysis.framework/Versions/A/PerformanceAnalysis
0x000000019e458000 	/System/Library/Frameworks/Accessibility.framework/Versions/A/Accessibility
0x00000002342c0000 	/System/Library/Frameworks/Symbols.framework/Versions/A/Symbols
0x0000000251e34000 	/System/Library/PrivateFrameworks/Gestures.framework/Versions/A/Gestures
0x000000028b54a000 	/usr/lib/swift/libswiftSpatial.dylib
0x00000001b06d6000 	/usr/lib/swift/libswiftCoreGraphics.dylib
0x000000019ee9c000 	/usr/lib/swift/libswiftFoundation.dylib
0x00000001eaeba000 	/usr/lib/swift/libswiftSwiftOnoneSupport.dylib
0x000000028b7d0000 	/usr/lib/swift/libswiftsys_time.dylib
0x00000001d5a27000 	/System/Library/PrivateFrameworks/CoreMaterial.framework/Versions/A/CoreMaterial
0x0000000289d86000 	/usr/lib/libSpatial.dylib
0x00000002897a6000 	/System/Library/SubFrameworks/UIUtilities.framework/Versions/A/UIUtilities
0x000000010aeb8000 	/Users/neijr/Library/Java/JavaVirtualMachines/temurin-24.0.2/Contents/Home/lib/server/libjvm.dylib
0x0000000105038000 	/Users/neijr/Library/Java/JavaVirtualMachines/temurin-24.0.2/Contents/Home/lib/libjimage.dylib
0x000000010509c000 	/Users/neijr/Library/Java/JavaVirtualMachines/temurin-24.0.2/Contents/Home/lib/libjdwp.dylib
0x0000000105064000 	/Users/neijr/Library/Java/JavaVirtualMachines/temurin-24.0.2/Contents/Home/lib/libinstrument.dylib
0x000000010511c000 	/Users/neijr/Library/Java/JavaVirtualMachines/temurin-24.0.2/Contents/Home/lib/libjava.dylib
0x000000010518c000 	/Users/neijr/Library/Java/JavaVirtualMachines/temurin-24.0.2/Contents/Home/lib/libzip.dylib
0x000000028987b000 	/usr/lib/i18n/libiconv_std.dylib
0x0000000289871000 	/usr/lib/i18n/libUTF8.dylib
0x0000000289880000 	/usr/lib/i18n/libmapper_none.dylib
0x00000001052dc000 	/Users/neijr/Library/Java/JavaVirtualMachines/temurin-24.0.2/Contents/Home/lib/libdt_socket.dylib
0x0000000105310000 	/Users/neijr/Library/Java/JavaVirtualMachines/temurin-24.0.2/Contents/Home/lib/libnio.dylib
0x0000000105330000 	/Users/neijr/Library/Java/JavaVirtualMachines/temurin-24.0.2/Contents/Home/lib/libnet.dylib
0x00000001052f0000 	/Users/neijr/Library/Java/JavaVirtualMachines/temurin-24.0.2/Contents/Home/lib/libextnet.dylib
0x00000001054d0000 	/Users/neijr/Library/Java/JavaVirtualMachines/temurin-24.0.2/Contents/Home/lib/libverify.dylib

JVMTI agents:
jdwp path:none, loaded, initialized, options:transport=dt_socket,server=n,suspend=y,address=127.0.0.1:51230
/Users/neijr/Library/Caches/JetBrains/IntelliJIdea2026.2/captureAgent/debugger-agent.jar path:none, loaded, initialized, instrumentlib options:file:///var/folders/st/djsxb_hj2lv3y9843xcmwlzr0000gn/T/capture7832906247468407133.props


VM Arguments:
jvm_args: -Ddebugger.agent.enable.coroutines=true -Ddebugger.agent.enable.log.capture=true -Ddebugger.async.stack.trace.for.all.threads=true -Dkotlinx.coroutines.debug.enable.creation.stack.trace=false -Dkotlinx.coroutines.debug.enable.flows.stack.trace=true -Dkotlinx.coroutines.debug.enable.mutable.state.flows.stack.trace=true -Dorg.gradle.internal.worker.tmpdir=/Users/neijr/Documents/automatizaciones/serenity bdd/Bombonite/build/tmp/test/work -agentlib:jdwp=transport=dt_socket,server=n,suspend=y,address=127.0.0.1:51230 -javaagent:/Users/neijr/Library/Caches/JetBrains/IntelliJIdea2026.2/captureAgent/debugger-agent.jar=file:///var/folders/st/djsxb_hj2lv3y9843xcmwlzr0000gn/T/capture7832906247468407133.props -Xmx512m -Dfile.encoding=UTF-8 -Duser.country=CO -Duser.language=es -Duser.variant -ea 
java_command: worker.org.gradle.process.internal.worker.GradleWorkerMain 'Gradle Test Executor 104'
java_class_path (initial): /Users/neijr/.gradle/caches/9.5.0/workerMain/gradle-worker.jar:/Users/neijr/Documents/automatizaciones/serenity bdd/Bombonite/build/classes/java/test:/Users/neijr/Documents/automatizaciones/serenity bdd/Bombonite/build/resources/test:/Users/neijr/.gradle/caches/modules-2/files-2.1/net.serenity-bdd/serenity-ensure/5.3.10/245b25b82a2537e9061ddee8a65ece0e007b5bdf/serenity-ensure-5.3.10.jar:/Users/neijr/.gradle/caches/modules-2/files-2.1/net.serenity-bdd/serenity-cucumber/5.3.10/55f897c929cd72c9a2a3b316c583166decc3eb95/serenity-cucumber-5.3.10.jar:/Users/neijr/.gradle/caches/modules-2/files-2.1/net.serenity-bdd/serenity-screenplay-webdriver/5.3.10/92fbf3140f960e51d44b63fb12208dc1c848aff4/serenity-screenplay-webdriver-5.3.10.jar:/Users/neijr/.gradle/caches/modules-2/files-2.1/net.serenity-bdd/serenity-screenplay/5.3.10/72baf560fcc3584e8d7319633510e0c4a106a546/serenity-screenplay-5.3.10.jar:/Users/neijr/.gradle/caches/modules-2/files-2.1/net.serenity-bdd/serenity-core/5.3.10/44385a8e54af6577670ef0cd36aa16be89e60cd2/serenity-core-5.3.10.jar:/Users/neijr/.gradle/caches/modules-2/files-2.1/io.github.bonigarcia/webdrivermanager/5.9.2/61d2d9413ab230f401d2e9aac3bca0baf02b143c/webdrivermanager-5.9.2.jar:/Users/neijr/.gradle/caches/modules-2/files-2.1/net.serenity-bdd/serenity-reports/5.3.10/93c26919dcbc6e4999c3724fb9b5040971756d41/serenity-reports-5.3.10.jar:/Users/neijr/.gradle/caches/modules-2/files-2.1/net.serenity-bdd/serenity-stats/5.3.10/abe629564d89885d32ac94d570df783d5e7aa12a/serenity-stats-5.3.10.jar:/Users/neijr/.gradle/caches/modules-2/files-2.1/net.serenity-bdd/serenity-reports-configuration/5.3.10/a64fe43dcae7a001daa5e95c6972da2a897cbf52/serenity-reports-configuration-5.3.10.jar:/Users/neijr/.gradle/caches/modules-2/files-2.1/net.serenity-bdd/serenity-model/5.3.10/907f553110c97b514f621965f7e0e66f071d63d6/serenity-model-5.3.10.jar:/Users/neijr/.gradle/caches/modules-2/files-2.1/io.cucumber/cucumber-java/7.34.2/cd353c565ba1f0575c5ddf46cb5bf5ece0482de5/cucumber-java-7.34.2.jar:/Users/neijr/.gradle/caches/modules-2/files-2.1/io.cucumber/cucumber-junit-platform-engine/7.34.2/949b8ce89cbb628e538357e59586c2957594093f/cucumber-junit-platform-engine-7.34.2.jar:/Users/neijr/.gradle/caches/modules-2/files-2.1/org.junit.jupiter/junit-jupiter-engine/6.0.3/e26f7e17d06cfc85ba7643b5ad00c87d5f2084dd/junit-jupiter-engine-6.0.3.jar:/Users/neijr/.gradle/caches/modules-2/files-2.1/org.junit.platform/junit-platform-suite-engine/6.0.3/daceed9785e8b3a7edd71333c2ae293659e5b9f5/junit-platform-suite-engine-6.0.3.jar:/Users/neijr/.gradle/caches/modules-2/files-2.1/org.junit.platform/junit-platform-suite-api/6.0.3/95660f3de4514019b684993effcbafce94cadd3d/junit-platform-suite-api-6.0.3.jar:/Users/neijr/.gradle/caches/modules-2/files-2.1/org.junit.platform/junit-platform-launcher/6.0.3/4a721cdd640ebdaa4c6850f5eee0b0377cf698b0/junit-platform-launcher-6.0.3.jar:/Users/neijr/.gradle/caches/modules-2/files-2.1/org.junit.platform/junit-platform-engine/6.0.3/101305612e7daa4ce978d3ba73fd02dd4a5f22d9/junit-platform-engine-6.0.3.jar:/Users/neijr/.gradle/caches/modules-2/files-2.1/org.junit.jupiter/junit-jupiter-api/6.0.3/2e6cfb62db85350179f0408ed5270f7cdf8cefda/junit-jupiter-api-6.0.3.jar:/Users/neijr/.gradle/caches/modules-2/files-2.1/org.junit.platform/junit-platform-commons/6.0.3/1093a7faa2ba47c28aa83f378d9a2083463bb20c/junit-platform-commons-6.0.3.jar:/Users/neijr/.gradle/caches/modules-2/files-2.1/org.junit.platform/junit-platform-suite/6.0.3/d9df7a006d55bc2d47f6b1da3bb776d30669f413/junit-platform-suite-6.0.3.jar:/Users/neijr/.gradle/caches/modules-2/files-2.1/net.serenity-bdd/serenity-report-resources/5.3.10/362b46279ce27a3be6e64f89210864a484d70d4a/serenity-report-resources-5.3.10.jar:/Users/neijr/.gradle/caches/modules-2/files-2.1/com.google.code.gson/gson/2.13.2/48b8230771e573b54ce6e867a9001e75977fe78e/gson-2.13.2.jar:/Users/neijr/.gradle/caches/modules-2/files-2.1/com.github.docker-java/docker-java/3.4.0/74afcd1d3ca458e8adfc9fa910cd8467187230d5/docker-java-3.4.0.jar:/Users/neijr/.gradle/caches/modules-2/files-2.1/com.github.docker-java/docker-java-core/3.4.0/520ce1892e4f9a38ed51fedfc8682ea073af1df/docker-java-core-3.4.0.jar:/Users/neijr/.gradle/caches/modules-2/files-2.1/com.fasterxml.jackson.core/jackson-databind/2.21.1/5615fb77652bfd386d87b95a1d663e1c0e38b372/jackson-databind-2.21.1.jar:/Users/neijr/.gradle/caches/modules-2/files-2.1/com.fasterxml.jackson.core/jackson-core/2.21.1/47b013fc85dbb819f3ba51e95a5560d0f1c4121c/jackson-core-2.21.1.jar:/Users/neijr/.gradle/caches/modules-2/files-2.1/org.apache.commons/commons-compress/1.28.0/e482f2c7a88dac3c497e96aa420b6a769f59c8d7/commons-compress-1.28.0.jar:/Users/neijr/.gradle/caches/modules-2/files-2.1/org.apache.commons/commons-csv/1.14.1/467354980fade8528b6a9f9bdf7f4f19ab9b3373/commons-csv-1.14.1.jar:/Users/neijr/.gradle/caches/modules-2/files-2.1/org.seleniumhq.selenium/htmlunit3-driver/4.39.0/ec580101ec01928086b1be066ad8ff7d2f6b3bc8/htmlunit3-driver-4.39.0.jar:/Users/neijr/.gradle/caches/modules-2/files-2.1/org.htmlunit/htmlunit/4.20.0/a4fe43bb688733a357457fa91770e96b2cbc616f/htmlunit-4.20.0.jar:/Users/neijr/.gradle/caches/modules-2/files-2.1/org.apache.httpcomponents/httpmime/4.5.14/6662758a1f1cb1149cf916bdac28332e0902ec44/httpmime-4.5.14.jar:/Users/neijr/.gradle/caches/modules-2/files-2.1/org.apache.httpcomponents/httpclient/4.5.14/1194890e6f56ec29177673f2f12d0b8e627dec98/httpclient-4.5.14.jar:/Users/neijr/.gradle/caches/modules-2/files-2.1/commons-codec/commons-codec/1.19.0/8c0dbe3ae883fceda9b50a6c76e745e548073388/commons-codec-1.19.0.jar:/Users/neijr/.gradle/caches/modules-2/files-2.1/commons-net/commons-net/3.12.0/2c27058f26ffa1c2c627a08320b38b8faffb513b/commons-net-3.12.0.jar:/Users/neijr/.gradle/caches/modules-2/files-2.1/commons-io/commons-io/2.21.0/52a6f68fe5afe335cde95461dd5c3412f04996f7/commons-io-2.21.0.jar:/Users/neijr/.gradle/caches/modules-2/files-2.1/com.paulhammant/ngwebdriver/1.2/29e9168af992fd771abfa53e4fd0f40ef9b04e6c/ngwebdriver-1.2.jar:/Users/neijr/.gradle/caches/modules-2/files-2.1/org.seleniumhq.selenium/selenium-java/4.41.0/2cc38c8dbef9d6e8774f05c2d2e8088180858ed4/selenium-java-4.41.0.jar:/Users/neijr/.gradle/caches/modules-2/files-2.1/org.seleniumhq.selenium/selenium-chrome-driver/4.41.0/5d945fec5c630869d05bcd4db8c89311e05e84de/selenium-chrome-driver-4.41.0.jar:/Users/neijr/.gradle/caches/modules-2/files-2.1/org.seleniumhq.selenium/selenium-firefox-driver/4.41.0/2b8b36dee44e939a41e980062c6c2e8e8b258b60/selenium-firefox-driver-4.41.0.jar:/Users/neijr/.gradle/caches/modules-2/files-2.1/org.seleniumhq.selenium/selenium-edge-driver/4.41.0/4c528d11ba0db75322916fedf43ffbc939e534e8/selenium-edge-driver-4.41.0.jar:/Users/neijr/.gradle/caches/modules-2/files-2.1/org.seleniumhq.selenium/selenium-ie-driver/4.41.0/40b8d878f3fe02b43a360574e2b067d605666d8c/selenium-ie-driver-4.41.0.jar:/Users/neijr/.gradle/caches/modules-2/files-2.1/org.seleniumhq.selenium/selenium-devtools-v143/4.41.0/848259e553bd9e239d06e23c9a9e92d03c021ff0/selenium-devtools-v143-4.41.0.jar:/Users/neijr/.gradle/caches/modules-2/files-2.1/org.seleniumhq.selenium/selenium-devtools-v144/4.41.0/7a50eb6ba721a76dac19497dbd3b39fa58598c2d/selenium-devtools-v144-4.41.0.jar:/Users/neijr/.gradle/caches/modules-2/files-2.1/org.seleniumhq.selenium/selenium-devtools-v145/4.41.0/7a89e4fb26c80f1454a634bd19540d6a6d1df14a/selenium-devtools-v145-4.41.0.jar:/Users/neijr/.gradle/caches/modules-2/files-2.1/org.seleniumhq.selenium/selenium-safari-driver/4.41.0/129277ea8790705e4f7ad5484bff148106d84ee2/selenium-safari-driver-4.41.0.jar:/Users/neijr/.gradle/caches/modules-2/files-2.1/org.seleniumhq.selenium/selenium-chromium-driver/4.41.0/1f62082ed7e2f97b1bf8cf875d1ecedbfa83103e/selenium-chromium-driver-4.41.0.jar:/Users/neijr/.gradle/caches/modules-2/files-2.1/org.seleniumhq.selenium/selenium-support/4.41.0/91c1ffbb22679015dcc9f2c386c13545e8095756/selenium-support-4.41.0.jar:/Users/neijr/.gradle/caches/modules-2/files-2.1/org.seleniumhq.selenium/selenium-remote-driver/4.41.0/37948b65b255a8b0cea46d0477f0205665b07248/selenium-remote-driver-4.41.0.jar:/Users/neijr/.gradle/caches/modules-2/files-2.1/org.seleniumhq.selenium/selenium-manager/4.41.0/c664e4cd7cc49206691f0b82055cce87f88e0eb5/selenium-manager-4.41.0.jar:/Users/neijr/.gradle/caches/modules-2/files-2.1/org.seleniumhq.selenium/selenium-http/4.41.0/fbeecf2de5f63b1165c0d71ece01b18bb108526e/selenium-http-4.41.0.jar:/Users/neijr/.gradle/caches/modules-2/files-2.1/org.seleniumhq.selenium/selenium-json/4.41.0/9f485c55844c996da10476921211fc86140f6be4/selenium-json-4.41.0.jar:/Users/neijr/.gradle/caches/modules-2/files-2.1/org.seleniumhq.selenium/selenium-os/4.41.0/d6edd474f2dac25168382cf68322b116593f8ade/selenium-os-4.41.0.jar:/Users/neijr/.gradle/caches/modules-2/files-2.1/org.seleniumhq.selenium/selenium-api/4.41.0/112db3dd879a3b46bc4bb6d81a27fc5b4dd3f845/selenium-api-4.41.0.jar:/Users/neijr/.gradle/caches/modules-2/files-2.1/io.appium/java-client/10.0.0/e5197ae5f50366a48c13b0bdfc67e6047eaad9ad/java-client-10.0.0.jar:/Users/neijr/.gradle/caches/modules-2/files-2.1/org.apache.groovy/groovy/4.0.29/a5f23a7eed8c4140afd6f673a773a206870719c6/groovy-4.0.29.jar:/Users/neijr/.gradle/caches/modules-2/files-2.1/net.sf.opencsv/opencsv/2.3/c23708cdb9e80a144db433e23344a788a1fd6599/opencsv-2.3.jar:/Users/neijr/.gradle/caches/modules-2/files-2.1/com.opencsv/opencsv/5.12.0/bc55d53c0961f8b191c96276e778a9ec67f7dd58/opencsv-5.12.0.jar:/Users/neijr/.gradle/caches/modules-2/files-2.1/org.apache.commons/commons-text/1.15.0/9899093aa40f0199d6c39b131b8f087cdb37e399/commons-text-1.15.0.jar:/Users/neijr/.gradle/caches/modules-2/files-2.1/org.apache.commons/commons-lang3/3.20.0/65897b3e5731220962e659e001904af3c3cbeba9/commons-lang3-3.20.0.jar:/Users/neijr/.gradle/caches/modules-2/files-2.1/org.fluentlenium/fluentlenium-core/0.10.2/8795bd4ce7050f0c45b772e8d3b36c39646e2f0b/fluentlenium-core-0.10.2.jar:/Users/neijr/.gradle/caches/modules-2/files-2.1/com.jhlabs/filters/2.0.235/af6a2dfefef70f1ab2d7a8d1f8173f67e276b3f4/filters-2.0.235.jar:/Users/neijr/.gradle/caches/modules-2/files-2.1/joda-time/joda-time/2.14.0/1fa665c1ce64a2c8c94f63fc5c1ee7bd742d2022/joda-time-2.14.0.jar:/Users/neijr/.gradle/caches/modules-2/files-2.1/org.awaitility/awaitility/4.3.0/f0c0bc1e404e500bab3f498b922eaedeae1c0207/awaitility-4.3.0.jar:/Users/neijr/.gradle/caches/modules-2/files-2.1/org.hamcrest/hamcrest/2.2/1820c0968dba3a11a1b30669bb1f01978a91dedc/hamcrest-2.2.jar:/Users/neijr/.gradle/caches/modules-2/files-2.1/com.google.jimfs/jimfs/1.3.1/48d16aea64e2859574dbc00d805c2688045aea08/jimfs-1.3.1.jar:/Users/neijr/.gradle/caches/modules-2/files-2.1/org.mockito/mockito-core/3.3.3/4878395d4e63173f3825e17e5e0690e8054445f1/mockito-core-3.3.3.jar:/Users/neijr/.gradle/caches/modules-2/files-2.1/javax.xml.bind/jaxb-api/2.3.1/8531ad5ac454cc2deb9d4d32c40c4d7451939b5d/jaxb-api-2.3.1.jar:/Users/neijr/.gradle/caches/modules-2/files-2.1/com.sun.xml.bind/jaxb-core/2.3.0.1/23574ca124d0a694721ce3ef13cd720095f18fdd/jaxb-core-2.3.0.1.jar:/Users/neijr/.gradle/caches/modules-2/files-2.1/com.sun.xml.bind/jaxb-impl/2.3.3/3758e8c1664979749e647a9ca8c7ea1cd83c9b1e/jaxb-impl-2.3.3.jar:/Users/neijr/.gradle/caches/modules-2/files-2.1/javax.activation/activation/1.1.1/485de3a253e23f645037828c07f1d7f1af40763a/activation-1.1.1.jar:/Users/neijr/.gradle/caches/modules-2/files-2.1/com.github.docker-java/docker-java-transport-httpclient5/3.4.0/1de4515029dee34e0bf04eb2db2073107862c173/docker-java-transport-httpclient5-3.4.0.jar:/Users/neijr/.gradle/caches/modules-2/files-2.1/net.java.dev.jna/jna/5.17.0/33d12735bef894440780fce64f9758d420c7bae2/jna-5.17.0.jar:/Users/neijr/.gradle/caches/modules-2/files-2.1/org.opentest4j/opentest4j/1.3.0/152ea56b3a72f655d4fd677fc0ef2596c3dd5e6e/opentest4j-1.3.0.jar:/Users/neijr/.gradle/caches/modules-2/files-2.1/org.apache.httpcomponents.client5/httpclient5/5.2.1/c900514d3446d9ce5d9dbd90c21192048125440/httpclient5-5.2.1.jar:/Users/neijr/.gradle/caches/modules-2/files-2.1/org.ehcache/ehcache/3.11.1/5f68a40207555a7059bf864116da3dfae89a49c1/ehcache-3.11.1.jar:/Users/neijr/.gradle/caches/modules-2/files-2.1/org.slf4j/jcl-over-slf4j/1.7.30/cd92524ea19d27e5b94ecd251e1af729cffdfe15/jcl-over-slf4j-1.7.30.jar:/Users/neijr/.gradle/caches/modules-2/files-2.1/com.github.docker-java/docker-java-api/3.4.0/9ef23dcc93693f15e69b64632be096c38e31bc44/docker-java-api-3.4.0.jar:/Users/neijr/.gradle/caches/modules-2/files-2.1/org.slf4j/slf4j-api/2.0.17/d9e58ac9c7779ba3bf8142aff6c830617a7fe60f/slf4j-api-2.0.17.jar:/Users/neijr/.gradle/caches/modules-2/files-2.1/org.brotli/dec/0.1.2/c26a897ae0d524809eef1c786cc6183b4ddcc3b/dec-0.1.2.jar:/Users/neijr/.gradle/caches/modules-2/files-2.1/org.jetbrains.kotlin/kotlin-stdlib/2.3.0/ebc4eb2b6e6c91b6c844c1e3183920d86f2ef656/kotlin-stdlib-2.3.0.jar:/Users/neijr/.gradle/caches/modules-2/files-2.1/io.cucumber/cucumber-junit/7.34.2/c3125a5a736126d7941295cdc5a7c62ecc8bdee4/cucumber-junit-7.34.2.jar:/Users/neijr/.gradle/caches/modules-2/files-2.1/io.cucumber/cucumber-core/7.34.2/d19aa4013513ca9d66a92a7e2a04483329a21e98/cucumber-core-7.34.2.jar:/Users/neijr/.gradle/caches/modules-2/files-2.1/io.cucumber/cucumber-expressions/18.1.0/1c272b01d7a0bd1bd3bfa7c4003b2d11a1897d7e/cucumber-expressions-18.1.0.jar:/Users/neijr/.gradle/caches/modules-2/files-2.1/io.cucumber/datatable/7.34.2/e124449b7460cf55bb362021d46e01e9b6fc5675/datatable-7.34.2.jar:/Users/neijr/.gradle/caches/modules-2/files-2.1/io.cucumber/cucumber-gherkin-messages/7.34.2/d6ab49408f1d2cb620a6d655d76c3b368981f03c/cucumber-gherkin-messages-7.34.2.jar:/Users/neijr/.gradle/caches/modules-2/files-2.1/io.cucumber/cucumber-gherkin/7.34.2/106aed49de3948aa566e986ba50844f4d1ba124a/cucumber-gherkin-7.34.2.jar:/Users/neijr/.gradle/caches/modules-2/files-2.1/io.cucumber/cucumber-plugin/7.34.2/f2e8ae687b7cf4c1205478660eb78b83375b062e/cucumber-plugin-7.34.2.jar:/Users/neijr/.gradle/caches/modules-2/files-2.1/io.cucumber/docstring/7.34.2/fa5a2e62ff273bd5cc36b65f39bcb274e41d6710/docstring-7.34.2.jar:/Users/neijr/.gradle/caches/modules-2/files-2.1/org.apiguardian/apiguardian-api/1.1.2/a231e0d844d2721b0fa1b238006d15c6ded6842a/apiguardian-api-1.1.2.jar:/Users/neijr/.gradle/caches/modules-2/files-2.1/com.google.guava/guava/33.5.0-jre/8699de25f2f979108d6c1b804a7ba38cda1116bc/guava-33.5.0-jre.jar:/Users/neijr/.gradle/caches/modules-2/files-2.1/org.jsoup/jsoup/1.21.2/55ba93337201b6f1208a6691f291ca2828860150/jsoup-1.21.2.jar:/Users/neijr/.gradle/caches/modules-2/files-2.1/com.thoughtworks.xstream/xstream/1.4.21/65cb3e7f809b18b9aab43f2338ee5b320f72d7bd/xstream-1.4.21.jar:/Users/neijr/.gradle/caches/modules-2/files-2.1/com.typesafe/config/1.4.5/cc25b497ded7068a861517a815546fb472f9e58/config-1.4.5.jar:/Users/neijr/.gradle/caches/modules-2/files-2.1/org.imgscalr/imgscalr-lib/4.2/e2838f7119361511ef7d54fe0d502bf07f3325eb/imgscalr-lib-4.2.jar:/Users/neijr/.gradle/caches/modules-2/files-2.1/org.freemarker/freemarker/2.3.34/c2fa47a1c3b6dcdfca90e952e51211967a4baa54/freemarker-2.3.34.jar:/Users/neijr/.gradle/caches/modules-2/files-2.1/io.github.classgraph/classgraph/4.8.184/a4f7ddec0f831dcf7ec3db32ae2c7e628c89f1a6/classgraph-4.8.184.jar:/Users/neijr/.gradle/caches/modules-2/files-2.1/com.github.ben-manes.caffeine/caffeine/3.2.3/c097f0f6d21a0e6db88ea55836e26419b30dfe19/caffeine-3.2.3.jar:/Users/neijr/.gradle/caches/modules-2/files-2.1/net.sourceforge.jexcelapi/jxl/2.6.12/7faf62e0697f7a88954622dfe8c8de33ed142ac7/jxl-2.6.12.jar:/Users/neijr/.gradle/caches/modules-2/files-2.1/net.bytebuddy/byte-buddy/1.18.5/1b6780c10176ed29430ae6b92b81bc166ac92490/byte-buddy-1.18.5.jar:/Users/neijr/.gradle/caches/modules-2/files-2.1/net.bytebuddy/byte-buddy-agent/1.18.5/7aa36e4838fe3ef562d845bfe24d075e0f2ea4e2/byte-buddy-agent-1.18.5.jar:/Users/neijr/.gradle/caches/modules-2/files-2.1/org.objenesis/objenesis/3.4/675cbe121a68019235d27f6c34b4f0ac30e07418/objenesis-3.4.jar:/Users/neijr/.gradle/caches/modules-2/files-2.1/com.vladsch.flexmark/flexmark-all/0.64.8/ee5b2d9731000afc81f2d8c0fccd0a6439e56720/flexmark-all-0.64.8.jar:/Users/neijr/.gradle/caches/modules-2/files-2.1/com.vladsch.flexmark/flexmark-ext-resizable-image/0.64.8/dca77e7c9d50922e62ada5e782f0f30a74646b75/flexmark-ext-resizable-image-0.64.8.jar:/Users/neijr/.gradle/caches/modules-2/files-2.1/com.vladsch.flexmark/flexmark-profile-pegdown/0.64.8/8ce4649b9f335ed0617a131e6910a972849f500c/flexmark-profile-pegdown-0.64.8.jar:/Users/neijr/.gradle/caches/modules-2/files-2.1/com.vladsch.flexmark/flexmark-ext-aside/0.64.8/ac3ace7ae720f271b0651aa376a4b57638ac1926/flexmark-ext-aside-0.64.8.jar:/Users/neijr/.gradle/caches/modules-2/files-2.1/com.vladsch.flexmark/flexmark-html2md-converter/0.64.8/a4b9dc984710931e98fdf62479784f789c0f5e6d/flexmark-html2md-converter-0.64.8.jar:/Users/neijr/.gradle/caches/modules-2/files-2.1/com.vladsch.flexmark/flexmark-ext-emoji/0.64.8/eefbf6a1fb644fa14c3fb74017cf9c97a4879a7c/flexmark-ext-emoji-0.64.8.jar:/Users/neijr/.gradle/caches/modules-2/files-2.1/com.vladsch.flexmark/flexmark-jira-converter/0.64.8/6a1997f1b8c2ef8426c0330d9be41f3f32edb82c/flexmark-jira-converter-0.64.8.jar:/Users/neijr/.gradle/caches/modules-2/files-2.1/com.vladsch.flexmark/flexmark-youtrack-converter/0.64.8/88dd1ba3538acc737144ce08d0248ae685ffb555/flexmark-youtrack-converter-0.64.8.jar:/Users/neijr/.gradle/caches/modules-2/files-2.1/com.vladsch.flexmark/flexmark-ext-tables/0.64.8/18e37d2e67a346c7c2694dd91944eefd5028608/flexmark-ext-tables-0.64.8.jar:/Users/neijr/.gradle/caches/modules-2/files-2.1/com.ibm.icu/icu4j/72.1/bc9057df4b5efddf7f6d1880bf7f3399f4ce5633/icu4j-72.1.jar:/Users/neijr/.gradle/caches/modules-2/files-2.1/es.nitaur.markdown/txtmark/0.16/3b51485b8d80fd4a3650d2b5d83127d0fa002e0/txtmark-0.16.jar:/Users/neijr/.gradle/caches/modules-2/files-2.1/com.google.errorprone/error_prone_annotations/2.43.0/a4f9062316c31850b03085e45717f564fd563ceb/error_prone_annotations-2.43.0.jar:/Users/neijr/.gradle/caches/modules-2/files-2.1/com.fasterxml.jackson.core/jackson-annotations/2.21/b1bc1868bf02dc0bd6c7836257a036a331005309/jackson-annotations-2.21.jar:/Users/neijr/.gradle/caches/modules-2/files-2.1/org.apache.httpcomponents/httpcore/4.4.16/51cf043c87253c9f58b539c9f7e44c8894223850/httpcore-4.4.16.jar:/Users/neijr/.gradle/caches/modules-2/files-2.1/commons-beanutils/commons-beanutils/1.11.0/ac03ea606d13de04c2e4508227680faff151f491/commons-beanutils-1.11.0.jar:/Users/neijr/.gradle/caches/modules-2/files-2.1/com.vladsch.flexmark/flexmark-pdf-converter/0.64.8/3a0f46e644e2a7f8ba932b8cd3211553a97ef30c/flexmark-pdf-converter-0.64.8.jar:/Users/neijr/.gradle/caches/modules-2/files-2.1/com.openhtmltopdf/openhtmltopdf-pdfbox/1.0.10/4041442fda47e760985cea8005d51a830031420f/openhtmltopdf-pdfbox-1.0.10.jar:/Users/neijr/.gradle/caches/modules-2/files-2.1/de.rototor.pdfbox/graphics2d/0.32/d8892871a9a1446e94f25eb625a7eec3bfa31b15/graphics2d-0.32.jar:/Users/neijr/.gradle/caches/modules-2/files-2.1/org.apache.pdfbox/pdfbox/2.0.24/cb562ee5f43e29415af4477e62fbe668ef88d18b/pdfbox-2.0.24.jar:/Users/neijr/.gradle/caches/modules-2/files-2.1/org.apache.pdfbox/xmpbox/2.0.24/df8b7a6a363281f9f1365ed4b37580aa5d3f38f1/xmpbox-2.0.24.jar:/Users/neijr/.gradle/caches/modules-2/files-2.1/org.apache.pdfbox/fontbox/2.0.24/df8ecb3006dfcd52355a5902096e5ec34f06112e/fontbox-2.0.24.jar:/Users/neijr/.gradle/caches/modules-2/files-2.1/commons-logging/commons-logging/1.3.5/a3fcc5d3c29b2b03433aa2d2f2d2c1b1638924a1/commons-logging-1.3.5.jar:/Users/neijr/.gradle/caches/modules-2/files-2.1/org.jspecify/jspecify/1.0.0/7425a601c1c7ec76645a78d22b8c6a627edee507/jspecify-1.0.0.jar:/Users/neijr/.gradle/caches/modules-2/files-2.1/com.google.auto.service/auto-service-annotations/1.1.1/da12a15cd058ba90a0ff55357fb521161af4736d/auto-service-annotations-1.1.1.jar:/Users/neijr/.gradle/caches/modules-2/files-2.1/org.htmlunit/htmlunit-core-js/4.20.0/a89169077b869264d62f981331e8b1a92d172e6a/htmlunit-core-js-4.20.0.jar:/Users/neijr/.gradle/caches/modules-2/files-2.1/org.htmlunit/neko-htmlunit/4.20.0/5a91780b2fa608032ef078f23f6f7080c5e5a655/neko-htmlunit-4.20.0.jar:/Users/neijr/.gradle/caches/modules-2/files-2.1/org.htmlunit/htmlunit-cssparser/4.20.0/78dfad6f703b1f673593d20032dacef29f99f419/htmlunit-cssparser-4.20.0.jar:/Users/neijr/.gradle/caches/modules-2/files-2.1/org.htmlunit/htmlunit-xpath/4.20.0/1b1e3fc737784f4fb5931d80b4f217e014a95a28/htmlunit-xpath-4.20.0.jar:/Users/neijr/.gradle/caches/modules-2/files-2.1/org.htmlunit/htmlunit-csp/4.20.0/7db6ce573ab9fac803fefcb713877c25f6cd774a/htmlunit-csp-4.20.0.jar:/Users/neijr/.gradle/caches/modules-2/files-2.1/org.htmlunit/htmlunit-websocket-client/4.20.0/68fde7740bd267cd3256b3f89e1296454d85a121/htmlunit-websocket-client-4.20.0.jar:/Users/neijr/.gradle/caches/modules-2/files-2.1/javax.activation/javax.activation-api/1.2.0/85262acf3ca9816f9537ca47d5adeabaead7cb16/javax.activation-api-1.2.0.jar:/Users/neijr/.gradle/caches/modules-2/files-2.1/jakarta.xml.bind/jakarta.xml.bind-api/2.3.3/48e3b9cfc10752fba3521d6511f4165bea951801/jakarta.xml.bind-api-2.3.3.jar:/Users/neijr/.gradle/caches/modules-2/files-2.1/com.sun.activation/jakarta.activation/1.2.2/74548703f9851017ce2f556066659438019e7eb5/jakarta.activation-1.2.2.jar:/Users/neijr/.gradle/caches/modules-2/files-2.1/com.github.docker-java/docker-java-transport/3.4.0/c058705684d782effc4b2edfdef1a87544ba4af8/docker-java-transport-3.4.0.jar:/Users/neijr/.gradle/caches/modules-2/files-2.1/org.apache.httpcomponents.core5/httpcore5-h2/5.2/698bd8c759ccc7fd7398f3179ff45d0e5a7ccc16/httpcore5-h2-5.2.jar:/Users/neijr/.gradle/caches/modules-2/files-2.1/org.apache.httpcomponents.core5/httpcore5/5.2/ab7d251b8dfa3f2878f1eefbcca0e1fc0ebeba27/httpcore5-5.2.jar:/Users/neijr/.gradle/caches/modules-2/files-2.1/com.vladsch.flexmark/flexmark-ext-abbreviation/0.64.8/a1d71e09e50a797ccac7a30d8a2a5895d94a6c9f/flexmark-ext-abbreviation-0.64.8.jar:/Users/neijr/.gradle/caches/modules-2/files-2.1/com.vladsch.flexmark/flexmark-ext-admonition/0.64.8/dbfeea78d59da2e97355447c568b6876dd2b32da/flexmark-ext-admonition-0.64.8.jar:/Users/neijr/.gradle/caches/modules-2/files-2.1/com.vladsch.flexmark/flexmark-ext-anchorlink/0.64.8/fcf1b569ee80397114628be098b20259d9c15be4/flexmark-ext-anchorlink-0.64.8.jar:/Users/neijr/.gradle/caches/modules-2/files-2.1/com.vladsch.flexmark/flexmark-ext-enumerated-reference/0.64.8/6b05a576f99d94455c473c9ec2136187afc25b3e/flexmark-ext-enumerated-reference-0.64.8.jar:/Users/neijr/.gradle/caches/modules-2/files-2.1/com.vladsch.flexmark/flexmark-ext-attributes/0.64.8/a8d631a5cd89dcad3b6fcaac308a18dc74a5d74a/flexmark-ext-attributes-0.64.8.jar:/Users/neijr/.gradle/caches/modules-2/files-2.1/com.vladsch.flexmark/flexmark-ext-autolink/0.64.8/c6c0f6336118b004e7fab14e26f1a773e20842b1/flexmark-ext-autolink-0.64.8.jar:/Users/neijr/.gradle/caches/modules-2/files-2.1/com.vladsch.flexmark/flexmark-ext-definition/0.64.8/409addcdf68da7dc543378a95f10c22e9b5b3267/flexmark-ext-definition-0.64.8.jar:/Users/neijr/.gradle/caches/modules-2/files-2.1/com.vladsch.flexmark/flexmark-ext-escaped-character/0.64.8/8587f7d1420b005a2e5548acdb12fa38cbd76d4b/flexmark-ext-escaped-character-0.64.8.jar:/Users/neijr/.gradle/caches/modules-2/files-2.1/com.vladsch.flexmark/flexmark-ext-footnotes/0.64.8/e63be9e0cf662ff4e4132a7754b3220452370106/flexmark-ext-footnotes-0.64.8.jar:/Users/neijr/.gradle/caches/modules-2/files-2.1/com.vladsch.flexmark/flexmark-ext-gfm-issues/0.64.8/fcae1b780cf1a3f0757720172dd38b313edaefe3/flexmark-ext-gfm-issues-0.64.8.jar:/Users/neijr/.gradle/caches/modules-2/files-2.1/com.vladsch.flexmark/flexmark-ext-gfm-strikethrough/0.64.8/1851e124c6d85c5c7f3fdbbe066d30a76ad6be44/flexmark-ext-gfm-strikethrough-0.64.8.jar:/Users/neijr/.gradle/caches/modules-2/files-2.1/com.vladsch.flexmark/flexmark-ext-gfm-tasklist/0.64.8/4adc75ada3d870908bdbffb76650d19305250d3c/flexmark-ext-gfm-tasklist-0.64.8.jar:/Users/neijr/.gradle/caches/modules-2/files-2.1/com.vladsch.flexmark/flexmark-ext-gfm-users/0.64.8/9fd0c81f6fab55e63e5d9f60224764b9720a5816/flexmark-ext-gfm-users-0.64.8.jar:/Users/neijr/.gradle/caches/modules-2/files-2.1/com.vladsch.flexmark/flexmark-ext-macros/0.64.8/614890570310ede904d42ab61122430a3a17774b/flexmark-ext-macros-0.64.8.jar:/Users/neijr/.gradle/caches/modules-2/files-2.1/com.vladsch.flexmark/flexmark-ext-gitlab/0.64.8/d8c86f170f5bd8030fccfc9c11632f15a820ffa5/flexmark-ext-gitlab-0.64.8.jar:/Users/neijr/.gradle/caches/modules-2/files-2.1/com.vladsch.flexmark/flexmark-ext-jekyll-front-matter/0.64.8/8dd92ff67a7a93d5f2777bc12a25bcd7526a6a/flexmark-ext-jekyll-front-matter-0.64.8.jar:/Users/neijr/.gradle/caches/modules-2/files-2.1/com.vladsch.flexmark/flexmark-ext-jekyll-tag/0.64.8/2e9c732179a6488eb588fbbd17cf68af326e4c57/flexmark-ext-jekyll-tag-0.64.8.jar:/Users/neijr/.gradle/caches/modules-2/files-2.1/com.vladsch.flexmark/flexmark-ext-media-tags/0.64.8/a713969f120169b938e956011de1b80bcb00d79c/flexmark-ext-media-tags-0.64.8.jar:/Users/neijr/.gradle/caches/modules-2/files-2.1/com.vladsch.flexmark/flexmark-ext-ins/0.64.8/7d095adeebf934f6424d9444af2ec0b2553fecfd/flexmark-ext-ins-0.64.8.jar:/Users/neijr/.gradle/caches/modules-2/files-2.1/com.vladsch.flexmark/flexmark-ext-xwiki-macros/0.64.8/899aa142c583fe10a129e8d764646c68b14f8de/flexmark-ext-xwiki-macros-0.64.8.jar:/Users/neijr/.gradle/caches/modules-2/files-2.1/com.vladsch.flexmark/flexmark-ext-superscript/0.64.8/e5d22f3ec35ac64504cbc238b0f5c63349815a7f/flexmark-ext-superscript-0.64.8.jar:/Users/neijr/.gradle/caches/modules-2/files-2.1/com.vladsch.flexmark/flexmark-ext-toc/0.64.8/5299f82caf5cb5b2deb60f1ae7d6551c8e71e4b9/flexmark-ext-toc-0.64.8.jar:/Users/neijr/.gradle/caches/modules-2/files-2.1/com.vladsch.flexmark/flexmark-ext-typographic/0.64.8/2efb965fbfe316930b5ed3164ceef2297ed7ba12/flexmark-ext-typographic-0.64.8.jar:/Users/neijr/.gradle/caches/modules-2/files-2.1/com.vladsch.flexmark/flexmark-ext-wikilink/0.64.8/f443092e4eda97537c449f0ad6c74022f8d5746a/flexmark-ext-wikilink-0.64.8.jar:/Users/neijr/.gradle/caches/modules-2/files-2.1/com.vladsch.flexmark/flexmark-ext-yaml-front-matter/0.64.8/a286f8a3bb603ba0f3174c95c220678f2bf855e5/flexmark-ext-yaml-front-matter-0.64.8.jar:/Users/neijr/.gradle/caches/modules-2/files-2.1/com.vladsch.flexmark/flexmark-ext-youtube-embedded/0.64.8/f4054700ecda973162cc640204bc8c2031bc27fd/flexmark-ext-youtube-embedded-0.64.8.jar:/Users/neijr/.gradle/caches/modules-2/files-2.1/com.vladsch.flexmark/flexmark/0.64.8/e82621ebed3a6cfa31c52900aaf9a9b6dd3c859d/flexmark-0.64.8.jar:/Users/neijr/.gradle/caches/modules-2/files-2.1/com.vladsch.flexmark/flexmark-util/0.64.8/e7aad89229a58c9ac56e09c04a8f9b012d137bff/flexmark-util-0.64.8.jar:/Users/neijr/.gradle/caches/modules-2/files-2.1/com.vladsch.flexmark/flexmark-util-format/0.64.8/12bb34f8d1d3d3678b540cb75726414eb910e327/flexmark-util-format-0.64.8.jar:/Users/neijr/.gradle/caches/modules-2/files-2.1/com.vladsch.flexmark/flexmark-util-ast/0.64.8/9904d6c8e7c9e2ec63b77e9313e518918758dd84/flexmark-util-ast-0.64.8.jar:/Users/neijr/.gradle/caches/modules-2/files-2.1/com.vladsch.flexmark/flexmark-util-builder/0.64.8/79f4593ce00d99b786425cabb12cc13bf785374b/flexmark-util-builder-0.64.8.jar:/Users/neijr/.gradle/caches/modules-2/files-2.1/com.vladsch.flexmark/flexmark-util-dependency/0.64.8/392bc415728aee6fdb9aded0004b0bf6c15e80ac/flexmark-util-dependency-0.64.8.jar:/Users/neijr/.gradle/caches/modules-2/files-2.1/com.vladsch.flexmark/flexmark-util-html/0.64.8/1ed09f6b6a57be2797aee9c9dfcbeab06afa120b/flexmark-util-html-0.64.8.jar:/Users/neijr/.gradle/caches/modules-2/files-2.1/com.vladsch.flexmark/flexmark-util-options/0.64.8/4b17bc1639c2a874d93a5bb89f78bf0765e3e4c7/flexmark-util-options-0.64.8.jar:/Users/neijr/.gradle/caches/modules-2/files-2.1/com.vladsch.flexmark/flexmark-util-sequence/0.64.8/985913246df64fe7e768eb0664b45dedea7536cf/flexmark-util-sequence-0.64.8.jar:/Users/neijr/.gradle/caches/modules-2/files-2.1/com.vladsch.flexmark/flexmark-util-collection/0.64.8/40e82ad00bb159ee878557fa8312ed7d95f4b297/flexmark-util-collection-0.64.8.jar:/Users/neijr/.gradle/caches/modules-2/files-2.1/com.vladsch.flexmark/flexmark-util-data/0.64.8/a3f92abd0acbb4d1f12dfd3d6128f73d245d6ba9/flexmark-util-data-0.64.8.jar:/Users/neijr/.gradle/caches/modules-2/files-2.1/com.vladsch.flexmark/flexmark-util-misc/0.64.8/6d0b133faee38c41368ee3c67f0df4498ffe3c25/flexmark-util-misc-0.64.8.jar:/Users/neijr/.gradle/caches/modules-2/files-2.1/com.vladsch.flexmark/flexmark-util-visitor/0.64.8/a8178ba6dfd7a958353a60b3a51fe7edb1578b49/flexmark-util-visitor-0.64.8.jar:/Users/neijr/.gradle/caches/modules-2/files-2.1/org.jetbrains/annotations/24.0.1/13c5c75c4206580aa4d683bffee658caae6c9f43/annotations-24.0.1.jar:/Users/neijr/.gradle/caches/modules-2/files-2.1/io.cucumber/messages-ndjson/0.3.0/18591ab0e5fe807757e19668f80377efd0dc56fe/messages-ndjson-0.3.0.jar:/Users/neijr/.gradle/caches/modules-2/files-2.1/io.cucumber/pretty-formatter/2.4.1/86372cba1224953771930771830e1027c03eb9ac/pretty-formatter-2.4.1.jar:/Users/neijr/.gradle/caches/modules-2/files-2.1/io.cucumber/teamcity-formatter/0.2.0/79847d4081d1cf053cdc145f9773a2e277552c65/teamcity-formatter-0.2.0.jar:/Users/neijr/.gradle/caches/modules-2/files-2.1/io.cucumber/testng-xml-formatter/0.7.0/3ac90f1df2b5ca0debe8f6c3817adfac9bad101b/testng-xml-formatter-0.7.0.jar:/Users/neijr/.gradle/caches/modules-2/files-2.1/io.cucumber/usage-formatter/0.1.0/94492adc6f81358fc775726c7915d20817de8f26/usage-formatter-0.1.0.jar:/Users/neijr/.gradle/caches/modules-2/files-2.1/io.cucumber/cucumber-json-formatter/0.3.2/27bad79d183adb75315eeb0aff064df08fd907db/cucumber-json-formatter-0.3.2.jar:/Users/neijr/.gradle/caches/modules-2/files-2.1/io.cucumber/html-formatter/22.3.0/eb2d036a8c6d8ab452f612ef2b5e4604fefa25fe/html-formatter-22.3.0.jar:/Users/neijr/.gradle/caches/modules-2/files-2.1/io.cucumber/junit-xml-formatter/0.11.0/7eab0cfe299174cd16a2943fca7789dd52a41188/junit-xml-formatter-0.11.0.jar:/Users/neijr/.gradle/caches/modules-2/files-2.1/io.cucumber/gherkin/36.1.0/8bd7be8d28f4be07ae5e5497d849e97967fd977a/gherkin-36.1.0.jar:/Users/neijr/.gradle/caches/modules-2/files-2.1/io.cucumber/query/14.7.0/886736820e857abad01048e2bd149ca36456d111/query-14.7.0.jar:/Users/neijr/.gradle/caches/modules-2/files-2.1/io.cucumber/messages/30.1.0/c3b4ede09b135eecbc2f6742153a260a054f2dc6/messages-30.1.0.jar:/Users/neijr/.gradle/caches/modules-2/files-2.1/io.cucumber/tag-expressions/8.1.0/5d7f028bb63584b2268b1a80e683aee17dd79f2f/tag-expressions-8.1.0.jar:/Users/neijr/.gradle/caches/modules-2/files-2.1/io.cucumber/ci-environment/12.0.0/f21a58e80a43e904ac655f2c931467fc92be1284/ci-environment-12.0.0.jar:/Users/neijr/.gradle/caches/modules-2/files-2.1/com.google.guava/failureaccess/1.0.3/aeaffd00d57023a2c947393ed251f0354f0985fc/failureaccess-1.0.3.jar:/Users/neijr/.gradle/caches/modules-2/files-2.1/com.google.guava/listenablefuture/9999.0-empty-to-avoid-conflict-with-guava/b421526c5f297295adef1c886e5246c39d4ac629/listenablefuture-9999.0-empty-to-avoid-conflict-with-guava.jar:/Users/neijr/.gradle/caches/modules-2/files-2.1/com.google.j2objc/j2objc-annotations/3.1/a892ca9507839bbdb900d64310ac98256cab992f/j2objc-annotations-3.1.jar:/Users/neijr/.gradle/caches/modules-2/files-2.1/io.github.x-stream/mxparser/1.2.2/476fb3b3bb3716cad797cd054ce45f89445794e9/mxparser-1.2.2.jar:/Users/neijr/.gradle/caches/modules-2/files-2.1/org.apache.commons/commons-collections4/4.5.0/e5cf89f0c6e132fc970bd9a465fdcb8dbe94f75a/commons-collections4-4.5.0.jar:/Users/neijr/.gradle/caches/modules-2/files-2.1/javax.cache/cache-api/1.1.0/77bdcff7814076dfa61611b0db88487c515150b6/cache-api-1.1.0.jar:/Users/neijr/.gradle/caches/modules-2/files-2.1/io.opentelemetry/opentelemetry-exporter-logging/1.59.0/3a3056fe1e651ef4aa81abf9f572750e6fe02ca/opentelemetry-exporter-logging-1.59.0.jar:/Users/neijr/.gradle/caches/modules-2/files-2.1/io.opentelemetry/opentelemetry-sdk-extension-autoconfigure/1.59.0/22cd9a3cb7941616f01a2535b2762ae4eba6635b/opentelemetry-sdk-extension-autoconfigure-1.59.0.jar:/Users/neijr/.gradle/caches/modules-2/files-2.1/io.opentelemetry/opentelemetry-sdk-extension-autoconfigure-spi/1.59.0/b3a889d82626ee9c10fd91e4d382d0e824d6432c/opentelemetry-sdk-extension-autoconfigure-spi-1.59.0.jar:/Users/neijr/.gradle/caches/modules-2/files-2.1/io.opentelemetry/opentelemetry-sdk/1.59.0/494c507864175f8f352b0ea0e0398adfc7c1d44b/opentelemetry-sdk-1.59.0.jar:/Users/neijr/.gradle/caches/modules-2/files-2.1/io.opentelemetry/opentelemetry-sdk-trace/1.59.0/4f5cad2b8ecc205c0da4249fae63f418e7ffeed0/opentelemetry-sdk-trace-1.59.0.jar:/Users/neijr/.gradle/caches/modules-2/files-2.1/io.opentelemetry/opentelemetry-sdk-metrics/1.59.0/19e50ed26ef2615faa8b35288b63fb1a792abdb2/opentelemetry-sdk-metrics-1.59.0.jar:/Users/neijr/.gradle/caches/modules-2/files-2.1/io.opentelemetry/opentelemetry-sdk-logs/1.59.0/464e22a9ee57d9721ab8a70ef24fed7062a744db/opentelemetry-sdk-logs-1.59.0.jar:/Users/neijr/.gradle/caches/modules-2/files-2.1/io.opentelemetry/opentelemetry-sdk-common/1.59.0/22901dac7c9c6bb996607ca7e651016022e055a/opentelemetry-sdk-common-1.59.0.jar:/Users/neijr/.gradle/caches/modules-2/files-2.1/io.opentelemetry/opentelemetry-api/1.59.0/87246ba2d83ac8ee5e2f421f19a9bb47f9d8a725/opentelemetry-api-1.59.0.jar:/Users/neijr/.gradle/caches/modules-2/files-2.1/io.opentelemetry/opentelemetry-context/1.59.0/e4400150dc06124a4716cbacd8cf7a8b2abb40d0/opentelemetry-context-1.59.0.jar:/Users/neijr/.gradle/caches/modules-2/files-2.1/xmlpull/xmlpull/1.1.3.1/2b8e230d2ab644e4ecaa94db7cdedbc40c805dfa/xmlpull-1.1.3.1.jar:/Users/neijr/.gradle/caches/modules-2/files-2.1/commons-collections/commons-collections/3.2.2/8ad72fe39fa8c91eaaf12aadb21e0c3661fe26d5/commons-collections-3.2.2.jar:/Users/neijr/.gradle/caches/modules-2/files-2.1/org.nibor.autolink/autolink/0.6.0/3986d016a14e8c81afeec752f19af29b20e8367b/autolink-0.6.0.jar:/Users/neijr/.gradle/caches/modules-2/files-2.1/com.openhtmltopdf/openhtmltopdf-rtl-support/1.0.10/74232c12ffb569ae287c6d0d983811880d7172f/openhtmltopdf-rtl-support-1.0.10.jar:/Users/neijr/.gradle/caches/modules-2/files-2.1/com.openhtmltopdf/openhtmltopdf-core/1.0.10/cab5dcb31834bd86ffb1b1f82811a37fcea63cd2/openhtmltopdf-core-1.0.10.jar:/Users/neijr/.gradle/caches/modules-2/files-2.1/io.opentelemetry/opentelemetry-common/1.59.0/dbda8ee7a98fc5e4fa2935da2e405d2650d5f637/opentelemetry-common-1.59.0.jar
Launcher Type: SUN_STANDARD

[Global flags]
     intx CICompilerCount                          = 4                                         {product} {ergonomic}
     uint ConcGCThreads                            = 2                                         {product} {ergonomic}
     uint G1ConcRefinementThreads                  = 9                                         {product} {ergonomic}
   size_t G1HeapRegionSize                         = 1048576                                   {product} {ergonomic}
   size_t InitialHeapSize                          = 268435456                                 {product} {ergonomic}
   size_t MarkStackSize                            = 4194304                                   {product} {ergonomic}
   size_t MarkStackSizeMax                         = 536870912                                 {product} {ergonomic}
   size_t MaxHeapSize                              = 536870912                                 {product} {command line}
   size_t MaxNewSize                               = 321912832                                 {product} {ergonomic}
   size_t MinHeapDeltaBytes                        = 1048576                                   {product} {ergonomic}
   size_t MinHeapSize                              = 8388608                                   {product} {ergonomic}
    uintx NonNMethodCodeHeapSize                   = 5832704                                {pd product} {ergonomic}
    uintx NonProfiledCodeHeapSize                  = 122929152                              {pd product} {ergonomic}
    uintx ProfiledCodeHeapSize                     = 122896384                              {pd product} {ergonomic}
    uintx ReservedCodeCacheSize                    = 251658240                              {pd product} {ergonomic}
     bool SegmentedCodeCache                       = true                                      {product} {ergonomic}
   size_t SoftMaxHeapSize                          = 536870912                              {manageable} {ergonomic}
     bool UseCompressedOops                        = true                           {product lp64_product} {ergonomic}
     bool UseG1GC                                  = true                                      {product} {ergonomic}
     bool UseNUMA                                  = false                                     {product} {ergonomic}
     bool UseNUMAInterleaving                      = false                                     {product} {ergonomic}

Logging:
Log output configuration:
 #0: stdout all=warning uptime,level,tags foldmultilines=false
 #1: stderr all=off uptime,level,tags foldmultilines=false

Environment Variables:
PATH=/usr/local/bin:/System/Cryptexes/App/usr/bin:/usr/bin:/bin:/usr/sbin:/sbin:/var/run/com.apple.security.cryptexd/codex.system/bootstrap/usr/local/bin:/var/run/com.apple.security.cryptexd/codex.system/bootstrap/usr/bin:/var/run/com.apple.security.cryptexd/codex.system/bootstrap/usr/appleinternal/bin:/pkg/env/global/bin:/opt/homebrew/bin
SHELL=/bin/zsh
LANG=C.UTF-8
TMPDIR=/var/folders/st/djsxb_hj2lv3y9843xcmwlzr0000gn/T/

Active Locale:
LC_ALL=C.UTF-8
LC_COLLATE=C.UTF-8
LC_CTYPE=C.UTF-8
LC_MESSAGES=C.UTF-8
LC_MONETARY=C.UTF-8
LC_NUMERIC=C.UTF-8
LC_TIME=C.UTF-8

Signal Handlers:
   SIGSEGV: crash_handler in libjvm.dylib, mask=11100110000111110111111111111111, flags=SA_ONSTACK|SA_RESTART|SA_SIGINFO, unblocked
    SIGBUS: crash_handler in libjvm.dylib, mask=11100110000111110111111111111111, flags=SA_RESTART|SA_SIGINFO, unblocked
    SIGFPE: crash_handler in libjvm.dylib, mask=11100110000111110111111111111111, flags=SA_RESTART|SA_SIGINFO, unblocked
   SIGPIPE: javaSignalHandler in libjvm.dylib, mask=11100110000111110111111111111111, flags=SA_RESTART|SA_SIGINFO, blocked
   SIGXFSZ: javaSignalHandler in libjvm.dylib, mask=11100110000111110111111111111111, flags=SA_RESTART|SA_SIGINFO, blocked
    SIGILL: crash_handler in libjvm.dylib, mask=11100110000111110111111111111111, flags=SA_RESTART|SA_SIGINFO, unblocked
   SIGUSR2: SR_handler in libjvm.dylib, mask=00000000000000000000000000000000, flags=SA_RESTART|SA_SIGINFO, blocked
    SIGHUP: UserHandler in libjvm.dylib, mask=11100110000111110111111111111111, flags=SA_RESTART|SA_SIGINFO, blocked
    SIGINT: UserHandler in libjvm.dylib, mask=11100110000111110111111111111111, flags=SA_RESTART|SA_SIGINFO, blocked
   SIGTERM: UserHandler in libjvm.dylib, mask=11100110000111110111111111111111, flags=SA_RESTART|SA_SIGINFO, blocked
   SIGQUIT: UserHandler in libjvm.dylib, mask=11100110000111110111111111111111, flags=SA_RESTART|SA_SIGINFO, blocked
   SIGTRAP: crash_handler in libjvm.dylib, mask=11100110000111110111111111111111, flags=SA_RESTART|SA_SIGINFO, unblocked


Periodic native trim disabled

---------------  S Y S T E M  ---------------

OS:
uname: Darwin 25.6.0 Darwin Kernel Version 25.6.0: Fri Jul 31 19:16:20 PDT 2026; root:xnu-12377.161.14~5/RELEASE_ARM64_T8142 arm64
OS uptime: 15 days 8:47 hours
rlimit (soft/hard): STACK 8176k/65520k , CORE 0k/infinity , NPROC 2666/4000 , NOFILE 1048576/infinity , AS infinity/infinity , CPU infinity/infinity , DATA infinity/infinity , FSIZE infinity/infinity , MEMLOCK infinity/infinity , RSS infinity/infinity
load average: 3.87 2.81 2.26

CPU: total 10 (initial active 10) 0x61:0x0:0x1d5a87e8:0, fp, asimd, aes, pmull, sha1, sha256, crc32, lse, sha3, sha512
machdep.cpu.brand_string:Apple M5
hw.cachelinesize:128
hw.l1icachesize:131072
hw.l1dcachesize:65536
hw.l2cachesize:6291456

Memory: 16k page, physical 16777216k(613472k free), swap 5242880k(341056k free)

vm_info: OpenJDK 64-Bit Server VM (24.0.2+12) for bsd-aarch64 JRE (24.0.2+12), built on 2025-07-15T00:00:00Z with clang Apple LLVM 15.0.0 (clang-1500.1.0.2.5)

END.
